-- MySQL dump 10.13  Distrib 5.5.35, for debian-linux-gnu (i686)
--
-- Host: localhost    Database: quiz_app_development
-- ------------------------------------------------------
-- Server version	5.5.35-0ubuntu0.12.04.2

/*!40101 SET @OLD_CHARACTER_SET_CLIENT=@@CHARACTER_SET_CLIENT */;
/*!40101 SET @OLD_CHARACTER_SET_RESULTS=@@CHARACTER_SET_RESULTS */;
/*!40101 SET @OLD_COLLATION_CONNECTION=@@COLLATION_CONNECTION */;
/*!40101 SET NAMES utf8 */;
/*!40103 SET @OLD_TIME_ZONE=@@TIME_ZONE */;
/*!40103 SET TIME_ZONE='+00:00' */;
/*!40014 SET @OLD_UNIQUE_CHECKS=@@UNIQUE_CHECKS, UNIQUE_CHECKS=0 */;
/*!40014 SET @OLD_FOREIGN_KEY_CHECKS=@@FOREIGN_KEY_CHECKS, FOREIGN_KEY_CHECKS=0 */;
/*!40101 SET @OLD_SQL_MODE=@@SQL_MODE, SQL_MODE='NO_AUTO_VALUE_ON_ZERO' */;
/*!40111 SET @OLD_SQL_NOTES=@@SQL_NOTES, SQL_NOTES=0 */;

--
-- Table structure for table `admins`
--

DROP TABLE IF EXISTS `admins`;
/*!40101 SET @saved_cs_client     = @@character_set_client */;
/*!40101 SET character_set_client = utf8 */;
CREATE TABLE `admins` (
  `id` int(11) NOT NULL AUTO_INCREMENT,
  `email` varchar(255) COLLATE utf8_unicode_ci NOT NULL DEFAULT '',
  `encrypted_password` varchar(255) COLLATE utf8_unicode_ci NOT NULL DEFAULT '',
  `reset_password_token` varchar(255) COLLATE utf8_unicode_ci DEFAULT NULL,
  `reset_password_sent_at` datetime DEFAULT NULL,
  `remember_created_at` datetime DEFAULT NULL,
  `sign_in_count` int(11) DEFAULT '0',
  `current_sign_in_at` datetime DEFAULT NULL,
  `last_sign_in_at` datetime DEFAULT NULL,
  `current_sign_in_ip` varchar(255) COLLATE utf8_unicode_ci DEFAULT NULL,
  `last_sign_in_ip` varchar(255) COLLATE utf8_unicode_ci DEFAULT NULL,
  PRIMARY KEY (`id`),
  UNIQUE KEY `index_admins_on_email` (`email`),
  UNIQUE KEY `index_admins_on_reset_password_token` (`reset_password_token`)
) ENGINE=InnoDB AUTO_INCREMENT=3 DEFAULT CHARSET=utf8 COLLATE=utf8_unicode_ci;
/*!40101 SET character_set_client = @saved_cs_client */;

--
-- Dumping data for table `admins`
--

LOCK TABLES `admins` WRITE;
/*!40000 ALTER TABLE `admins` DISABLE KEYS */;
INSERT INTO `admins` VALUES (2,'admin@iqtrainer.com','$2a$10$cMFOafVoDAYjaQrucQ/VA.TaHPK5Z/Qu1KbZle.vmSoELPEdzLaVC',NULL,NULL,NULL,6,'2014-06-10 11:08:02','2014-06-09 05:57:47','127.0.0.1','192.168.1.6');
/*!40000 ALTER TABLE `admins` ENABLE KEYS */;
UNLOCK TABLES;

--
-- Table structure for table `authentication_tokens`
--

DROP TABLE IF EXISTS `authentication_tokens`;
/*!40101 SET @saved_cs_client     = @@character_set_client */;
/*!40101 SET character_set_client = utf8 */;
CREATE TABLE `authentication_tokens` (
  `id` int(11) NOT NULL AUTO_INCREMENT,
  `auth_token` varchar(255) COLLATE utf8_unicode_ci DEFAULT NULL,
  `user_id` int(11) DEFAULT NULL,
  `created_at` datetime DEFAULT NULL,
  `updated_at` datetime DEFAULT NULL,
  PRIMARY KEY (`id`)
) ENGINE=InnoDB AUTO_INCREMENT=67 DEFAULT CHARSET=utf8 COLLATE=utf8_unicode_ci;
/*!40101 SET character_set_client = @saved_cs_client */;

--
-- Dumping data for table `authentication_tokens`
--

LOCK TABLES `authentication_tokens` WRITE;
/*!40000 ALTER TABLE `authentication_tokens` DISABLE KEYS */;
INSERT INTO `authentication_tokens` VALUES (2,'0bd6ce3dfda404daf381687fafd872e14b13a190',1,'2014-05-23 07:31:19','2014-05-23 07:31:19'),(3,'1597448f57f81e5021b96292b4c69723bdc43047',1,'2014-05-23 07:31:21','2014-05-23 07:31:21'),(4,'1b46d756d7fecf40c23ffbf8ce4ce17a1a3a3a59',2,'2014-05-23 08:47:45','2014-05-23 08:47:45'),(5,'3664bda43b7429ae86c13461c45f3013a33194c3',3,'2014-05-23 08:59:12','2014-05-23 08:59:12'),(6,'98f773f0188c9c3791a5a634d7ec5d7649c669a1',4,'2014-05-23 09:38:31','2014-05-23 09:38:31'),(7,'11ea7bea6e467f55374515df272695cf2beb5f1f',5,'2014-05-23 09:38:55','2014-05-23 09:38:55'),(8,'8f8df411bb763a002f1cb27fd6ba60ac94c10c01',6,'2014-05-23 09:39:15','2014-05-23 09:39:15'),(9,'17067fce254708539fffd70efa9a120eb4444ed7',4,'2014-05-23 09:39:44','2014-05-23 09:39:44'),(10,'7f73fdadbc3b99df3152edce5ee5f0ddb8dd8840',4,'2014-05-23 09:39:47','2014-05-23 09:39:47'),(11,'9f0f4d2c8a9bc37f96d4b8470e0352053daab10c',3,'2014-05-23 09:45:19','2014-05-23 09:45:19'),(12,'40433d775db3944f40d608b57c3e0c2f76ce5d89',4,'2014-05-23 09:49:40','2014-05-23 09:49:40'),(13,'992171458126645726621309d23742bef3f6dc77',4,'2014-05-23 09:49:42','2014-05-23 09:49:42'),(14,'763c591fd47a7ceb9b577642e77d69a67e16af14',2,'2014-05-23 09:55:08','2014-05-23 09:55:08'),(15,'d355d34adbe88c19eccc6a43ded22c8201f30934',3,'2014-05-23 09:58:23','2014-05-23 09:58:23'),(16,'272cea57338674046189970203707e5926402ab0',3,'2014-05-23 09:58:23','2014-05-23 09:58:23'),(17,'b11176f2122b29764c05ecaa0cb11ee29f16481a',2,'2014-05-23 10:11:22','2014-05-23 10:11:22'),(18,'fc59ffaec8bd3cf0e3dd1c838d2d02e87ea1acd7',2,'2014-05-23 10:53:19','2014-05-23 10:53:19'),(19,'b05adfbda99873166663b0a4c46c0b27c1b0405b',2,'2014-05-24 05:22:22','2014-05-24 05:22:22'),(20,'54927023937d56f84288ade1dc997a8327d17d80',2,'2014-05-24 05:22:23','2014-05-24 05:22:23'),(21,'c14faae2d7a124fe12b17c4fe031dc62f9f00c47',7,'2014-05-24 06:37:50','2014-05-24 06:37:50'),(22,'ca3fda7352071cff9a35b3332a47bcedec691ac4',7,'2014-05-24 07:24:36','2014-05-24 07:24:36'),(23,'ddaa973b4b167f80dc1749f3378245243988e671',7,'2014-05-24 07:24:37','2014-05-24 07:24:37'),(24,'87c41def5753baa9bce6e72e521cfd2d1f95c5fb',7,'2014-05-24 07:37:50','2014-05-24 07:37:50'),(25,'fe7bf9d6cd9ab3944a32459dcf1e2f0872bb97f9',7,'2014-05-24 07:37:50','2014-05-24 07:37:50'),(26,'e1ab8872a755406e28ef370bf6a45f601cb10bef',7,'2014-05-24 07:39:32','2014-05-24 07:39:32'),(27,'53903fa88b08bbf4f38a79af762d12350a97e22b',7,'2014-05-24 07:39:32','2014-05-24 07:39:32'),(28,'dad16849f2e31fe4205278196d7b3977d425c4b1',3,'2014-05-24 08:08:44','2014-05-24 08:08:44'),(29,'3bf96176249fbf9eb8c8b50c09375dfb44b6bfe5',7,'2014-05-24 08:10:09','2014-05-24 08:10:09'),(30,'abcaa93f60182bb0998044d82214356342286a26',7,'2014-05-24 08:10:10','2014-05-24 08:10:10'),(31,'fda719f95c6df00081e4bf91d71cd2cf421a91af',3,'2014-05-24 08:17:19','2014-05-24 08:17:19'),(32,'012d3fd6cc78c867df757a26e6cde50b1c47fd60',7,'2014-05-24 08:19:08','2014-05-24 08:19:08'),(33,'081052e1b08b348991ef520c70227332bebaa0dd',7,'2014-05-24 08:19:09','2014-05-24 08:19:09'),(34,'1b0907c7666ea4883d8df7782199cd6daa4ceb09',8,'2014-05-24 10:03:47','2014-05-24 10:03:47'),(35,'9c6d18407394b7c72c6e45158cc85308abba186d',2,'2014-05-24 10:08:52','2014-05-24 10:08:52'),(36,'12bb1af0f301aed1599efc2cc62a3549cee7d399',2,'2014-05-24 10:08:52','2014-05-24 10:08:52'),(37,'2ef72ae58037973855c4ebca818ca6f411e85d3c',2,'2014-05-24 10:12:39','2014-05-24 10:12:39'),(38,'4f14dc8d2cd96188ef32a4a5b796904763f16fb8',2,'2014-05-24 10:12:41','2014-05-24 10:12:41'),(39,'09102462820140e06f2328575bf4c2bf94aa300c',7,'2014-05-26 12:51:40','2014-05-26 12:51:40'),(40,'bfd903fd86623e2f38249623901b3a0ee3cd7e43',7,'2014-05-26 12:51:41','2014-05-26 12:51:41'),(41,'5023f5c023932c32b21375c421837f42a478aa86',7,'2014-05-26 13:43:02','2014-05-26 13:43:02'),(42,'f7354d11346e05b491f21f2521688a3f96632137',7,'2014-05-27 04:57:35','2014-05-27 04:57:35'),(43,'ee3b37c4695aaad400112a371c5872bc9453464e',7,'2014-05-27 04:57:41','2014-05-27 04:57:41'),(44,'8162b9472d6724586d7065676b183edbe3b0f049',7,'2014-05-27 06:09:47','2014-05-27 06:09:47'),(45,'144b37f657aba522f2c8e45838bc0bf99898984b',7,'2014-05-27 06:09:47','2014-05-27 06:09:47'),(46,'476a8e9b26b09b221221fc701cdbc8e959994faa',2,'2014-05-27 06:12:46','2014-05-27 06:12:46'),(47,'b318d1bce9c14cfc0594783974b9a1a88d0d5f3a',2,'2014-05-27 06:40:04','2014-05-27 06:40:04'),(48,'d480524d88f17a8a5c2ae90e67b3b9aa217790c3',8,'2014-05-27 06:40:52','2014-05-27 06:40:52'),(49,'623ffd20298fb7416c3ea3d3c81f02d559cbbe42',2,'2014-05-27 06:48:57','2014-05-27 06:48:57'),(50,'e9ea6b2db4aebd1b23eaeacb4538bc12da132534',7,'2014-05-27 06:49:00','2014-05-27 06:49:00'),(51,'6155a6293609d32e0d3facabe2da0e03772d985f',7,'2014-05-27 06:49:00','2014-05-27 06:49:00'),(52,'1251f8f0f15ad31760a7643cf66710f4e080d6c3',3,'2014-05-27 06:49:28','2014-05-27 06:49:28'),(53,'1655516c101a5e3f1ec488d9094298df00db82da',3,'2014-05-27 06:53:35','2014-05-27 06:53:35'),(54,'87b112fae40cf511e2d31a35cf26b4cb1344a424',3,'2014-05-27 06:53:36','2014-05-27 06:53:36'),(55,'16ab55c6228dfddb937fdef3706bc1b890237c1c',3,'2014-05-27 06:56:52','2014-05-27 06:56:52'),(56,'9b22feeaf2baed7f466640d7a6f81e2a88a350dd',3,'2014-05-27 06:56:53','2014-05-27 06:56:53'),(57,'f2b4d21fb951e7e2764ff9e2470c433d584940d5',2,'2014-05-27 06:59:04','2014-05-27 06:59:04'),(58,'697ae49dd0bf21910d515d55f27cee1ccfb02ddb',3,'2014-05-27 06:59:28','2014-05-27 06:59:28'),(59,'e8473a48bab33bb15cd87547dd81804b23d9b060',7,'2014-05-27 10:32:29','2014-05-27 10:32:29'),(60,'c4e0368bf2524f1ad61b6324279f4698e3503f37',2,'2014-05-27 10:36:53','2014-05-27 10:36:53'),(61,'e9d6db67d166c50b8128800bd4fc6da0f9d4f09a',2,'2014-05-27 10:36:53','2014-05-27 10:36:53'),(62,'388f37f5cf979469fb073eab1e1e266746819582',3,'2014-05-27 11:24:40','2014-05-27 11:24:40'),(63,'00c3b73f0b090d4c29f34e966c11d9617210737d',3,'2014-05-27 11:24:40','2014-05-27 11:24:40'),(64,'2d6019775d8a83a6faf84ee1bb0c487b84652ac7',7,'2014-05-27 11:25:36','2014-05-27 11:25:36'),(65,'a315dfe4d658bcf9b134309bc6c814ad347b0521',2,'2014-05-27 11:27:29','2014-05-27 11:27:29'),(66,'f9ebdfa74d291cd85dea19dc53d40ec735b99b80',2,'2014-05-27 11:27:30','2014-05-27 11:27:30');
/*!40000 ALTER TABLE `authentication_tokens` ENABLE KEYS */;
UNLOCK TABLES;

--
-- Table structure for table `challenge_details`
--

DROP TABLE IF EXISTS `challenge_details`;
/*!40101 SET @saved_cs_client     = @@character_set_client */;
/*!40101 SET character_set_client = utf8 */;
CREATE TABLE `challenge_details` (
  `id` int(11) NOT NULL AUTO_INCREMENT,
  `reciver_email` varchar(255) COLLATE utf8_unicode_ci DEFAULT NULL,
  `reciver_name` varchar(255) COLLATE utf8_unicode_ci DEFAULT NULL,
  `reciver_id` int(11) DEFAULT NULL,
  `status` varchar(255) COLLATE utf8_unicode_ci DEFAULT NULL,
  `score` float DEFAULT NULL,
  `time_take` varchar(255) COLLATE utf8_unicode_ci DEFAULT NULL,
  `challenge_id` int(11) DEFAULT NULL,
  `created_at` datetime DEFAULT NULL,
  `updated_at` datetime DEFAULT NULL,
  PRIMARY KEY (`id`)
) ENGINE=InnoDB AUTO_INCREMENT=127 DEFAULT CHARSET=utf8 COLLATE=utf8_unicode_ci;
/*!40101 SET character_set_client = @saved_cs_client */;

--
-- Dumping data for table `challenge_details`
--

LOCK TABLES `challenge_details` WRITE;
/*!40000 ALTER TABLE `challenge_details` DISABLE KEYS */;
INSERT INTO `challenge_details` VALUES (1,'rahul.virja@gmail.com','rahul.virja@gmail.com',3,'pending',NULL,NULL,28,'2014-05-26 11:27:04','2014-05-26 11:27:04'),(2,'dipakkeshariya@gmail.com','dipakkeshariya@gmail.com',NULL,'pending',NULL,NULL,28,'2014-05-26 11:27:04','2014-05-26 11:27:04'),(3,'monika.apsolute@gmail.com','monika.apsolute@gmail.com',1,'pending',NULL,NULL,29,'2014-05-26 11:27:04','2014-05-26 11:27:04'),(4,'tushar.bagsariya.1@facebook.com','tushar.bagsariya.1@facebook.com',NULL,'pending',NULL,NULL,29,'2014-05-26 11:27:04','2014-05-26 11:27:04'),(5,'gautampatel.jesar@gmail.com','gautampatel.jesar@gmail.com',NULL,'pending',NULL,NULL,29,'2014-05-26 11:27:04','2014-05-26 11:27:04'),(6,'divya.shavani@facebook.com','divya.shavani@facebook.com',NULL,'pending',NULL,NULL,29,'2014-05-26 11:27:04','2014-05-26 11:27:04'),(7,'monika.apsolute@gmail.com','monika.apsolute@gmail.com',1,'pending',NULL,NULL,30,'2014-05-26 11:27:04','2014-05-26 11:27:04'),(8,'tushar.bagsariya.1@facebook.com','tushar.bagsariya.1@facebook.com',NULL,'pending',NULL,NULL,30,'2014-05-26 11:27:04','2014-05-26 11:27:04'),(9,'gautampatel.jesar@gmail.com','gautampatel.jesar@gmail.com',NULL,'pending',NULL,NULL,30,'2014-05-26 11:27:04','2014-05-26 11:27:04'),(10,'divya.shavani@facebook.com','divya.shavani@facebook.com',NULL,'pending',NULL,NULL,30,'2014-05-26 11:27:04','2014-05-26 11:27:04'),(11,'monika.apsolute@gmail.com','monika.apsolute@gmail.com',1,'pending',NULL,NULL,31,'2014-05-26 11:27:04','2014-05-26 11:27:04'),(12,'tushar.bagsariya.1@facebook.com','tushar.bagsariya.1@facebook.com',NULL,'pending',NULL,NULL,31,'2014-05-26 11:27:04','2014-05-26 11:27:04'),(13,'gautampatel.jesar@gmail.com','gautampatel.jesar@gmail.com',NULL,'pending',NULL,NULL,31,'2014-05-26 11:27:04','2014-05-26 11:27:04'),(14,'divya.shavani@facebook.com','divya.shavani@facebook.com',NULL,'pending',NULL,NULL,31,'2014-05-26 11:27:04','2014-05-26 11:27:04'),(15,'monika.apsolute@gmail.com','monika.apsolute@gmail.com',1,'pending',NULL,NULL,32,'2014-05-26 11:27:04','2014-05-26 11:27:04'),(16,'tushar.bagsariya.1@facebook.com','tushar.bagsariya.1@facebook.com',NULL,'pending',NULL,NULL,32,'2014-05-26 11:27:05','2014-05-26 11:27:05'),(17,'gautampatel.jesar@gmail.com','gautampatel.jesar@gmail.com',NULL,'pending',NULL,NULL,32,'2014-05-26 11:27:05','2014-05-26 11:27:05'),(18,'divya.shavani@facebook.com','divya.shavani@facebook.com',NULL,'pending',NULL,NULL,32,'2014-05-26 11:27:05','2014-05-26 11:27:05'),(19,'testing2@yopmail.com','Testqqq',7,'pending',NULL,NULL,33,'2014-05-26 11:27:05','2014-05-26 11:27:05'),(20,'hr_anmol@rediffmail.com','hr_anmol@rediffmail.com',NULL,'pending',NULL,NULL,33,'2014-05-26 11:27:05','2014-05-26 11:27:05'),(21,'sgroad@frameboxx.in','sgroad@frameboxx.in',NULL,'pending',NULL,NULL,33,'2014-05-26 11:27:05','2014-05-26 11:27:05'),(22,'rahul.virja@gmail.com','rahul.virja@gmail.com',3,'pending',NULL,NULL,34,'2014-05-26 11:27:05','2014-05-26 11:27:05'),(23,'sujitkrsahu.sujitkrsahu@facebook.com','sujitkrsahu.sujitkrsahu@facebook.com',NULL,'pending',NULL,NULL,34,'2014-05-26 11:27:05','2014-05-26 11:27:05'),(24,'virani.lalo.5@facebook.com','virani.lalo.5@facebook.com',NULL,'pending',NULL,NULL,34,'2014-05-26 11:27:05','2014-05-26 11:27:05'),(25,'rahul.virja@gmail.com','rahul.virja@gmail.com',3,'pending',NULL,NULL,35,'2014-05-26 11:27:05','2014-05-26 11:27:05'),(26,'sujitkrsahu.sujitkrsahu@facebook.com','sujitkrsahu.sujitkrsahu@facebook.com',NULL,'pending',NULL,NULL,35,'2014-05-26 11:27:05','2014-05-26 11:27:05'),(27,'virani.lalo.5@facebook.com','virani.lalo.5@facebook.com',NULL,'pending',NULL,NULL,35,'2014-05-26 11:27:05','2014-05-26 11:27:05'),(28,'rahul.virja@gmail.com','rahul.virja@gmail.com',3,'pending',NULL,NULL,28,'2014-05-26 11:35:06','2014-05-26 11:35:06'),(29,'dipakkeshariya@gmail.com','dipakkeshariya@gmail.com',NULL,'pending',NULL,NULL,28,'2014-05-26 11:35:06','2014-05-26 11:35:06'),(30,'monika.apsolute@gmail.com','monika.apsolute@gmail.com',1,'pending',NULL,NULL,29,'2014-05-26 11:35:06','2014-05-26 11:35:06'),(31,'tushar.bagsariya.1@facebook.com','tushar.bagsariya.1@facebook.com',NULL,'pending',NULL,NULL,29,'2014-05-26 11:35:06','2014-05-26 11:35:06'),(32,'gautampatel.jesar@gmail.com','gautampatel.jesar@gmail.com',NULL,'pending',NULL,NULL,29,'2014-05-26 11:35:06','2014-05-26 11:35:06'),(33,'divya.shavani@facebook.com','divya.shavani@facebook.com',NULL,'pending',NULL,NULL,29,'2014-05-26 11:35:06','2014-05-26 11:35:06'),(34,'monika.apsolute@gmail.com','monika.apsolute@gmail.com',1,'pending',NULL,NULL,30,'2014-05-26 11:35:06','2014-05-26 11:35:06'),(35,'tushar.bagsariya.1@facebook.com','tushar.bagsariya.1@facebook.com',NULL,'pending',NULL,NULL,30,'2014-05-26 11:35:06','2014-05-26 11:35:06'),(36,'gautampatel.jesar@gmail.com','gautampatel.jesar@gmail.com',NULL,'pending',NULL,NULL,30,'2014-05-26 11:35:06','2014-05-26 11:35:06'),(37,'divya.shavani@facebook.com','divya.shavani@facebook.com',NULL,'pending',NULL,NULL,30,'2014-05-26 11:35:06','2014-05-26 11:35:06'),(38,'monika.apsolute@gmail.com','monika.apsolute@gmail.com',1,'pending',NULL,NULL,31,'2014-05-26 11:35:06','2014-05-26 11:35:06'),(39,'tushar.bagsariya.1@facebook.com','tushar.bagsariya.1@facebook.com',NULL,'pending',NULL,NULL,31,'2014-05-26 11:35:06','2014-05-26 11:35:06'),(40,'gautampatel.jesar@gmail.com','gautampatel.jesar@gmail.com',NULL,'pending',NULL,NULL,31,'2014-05-26 11:35:06','2014-05-26 11:35:06'),(41,'divya.shavani@facebook.com','divya.shavani@facebook.com',NULL,'pending',NULL,NULL,31,'2014-05-26 11:35:07','2014-05-26 11:35:07'),(42,'monika.apsolute@gmail.com','monika.apsolute@gmail.com',1,'pending',NULL,NULL,32,'2014-05-26 11:35:07','2014-05-26 11:35:07'),(43,'tushar.bagsariya.1@facebook.com','tushar.bagsariya.1@facebook.com',NULL,'pending',NULL,NULL,32,'2014-05-26 11:35:07','2014-05-26 11:35:07'),(44,'gautampatel.jesar@gmail.com','gautampatel.jesar@gmail.com',NULL,'pending',NULL,NULL,32,'2014-05-26 11:35:07','2014-05-26 11:35:07'),(45,'divya.shavani@facebook.com','divya.shavani@facebook.com',NULL,'pending',NULL,NULL,32,'2014-05-26 11:35:07','2014-05-26 11:35:07'),(46,'testing2@yopmail.com','Testqqq',7,'accepted',NULL,NULL,33,'2014-05-26 11:35:07','2014-05-27 05:08:39'),(47,'hr_anmol@rediffmail.com','hr_anmol@rediffmail.com',NULL,'pending',NULL,NULL,33,'2014-05-26 11:35:07','2014-05-26 11:35:07'),(48,'sgroad@frameboxx.in','sgroad@frameboxx.in',NULL,'pending',NULL,NULL,33,'2014-05-26 11:35:07','2014-05-26 11:35:07'),(49,'rahul.virja@gmail.com','rahul.virja@gmail.com',3,'pending',NULL,NULL,34,'2014-05-26 11:35:07','2014-05-26 11:35:07'),(50,'sujitkrsahu.sujitkrsahu@facebook.com','sujitkrsahu.sujitkrsahu@facebook.com',NULL,'pending',NULL,NULL,34,'2014-05-26 11:35:07','2014-05-26 11:35:07'),(51,'virani.lalo.5@facebook.com','virani.lalo.5@facebook.com',NULL,'pending',NULL,NULL,34,'2014-05-26 11:35:07','2014-05-26 11:35:07'),(52,'rahul.virja@gmail.com','rahul.virja@gmail.com',3,'pending',NULL,NULL,35,'2014-05-26 11:35:07','2014-05-26 11:35:07'),(53,'sujitkrsahu.sujitkrsahu@facebook.com','sujitkrsahu.sujitkrsahu@facebook.com',NULL,'pending',NULL,NULL,35,'2014-05-26 11:35:07','2014-05-26 11:35:07'),(54,'virani.lalo.5@facebook.com','virani.lalo.5@facebook.com',1,'pending',NULL,NULL,35,'2014-05-26 11:35:07','2014-05-26 11:42:59'),(55,'test1@yopmail.com','test1@yopmail.com',2,'pending',NULL,NULL,38,'2014-05-26 13:02:20','2014-05-26 13:02:20'),(56,'rahul.virja@gmail.com','rahul.virja@gmail.com',3,'pending',NULL,NULL,38,'2014-05-26 13:02:20','2014-05-26 13:02:20'),(57,'sujitkrsahu.sujitkrsahu@facebook.com','sujitkrsahu.sujitkrsahu@facebook.com',NULL,'pending',NULL,NULL,38,'2014-05-26 13:02:20','2014-05-26 13:02:20'),(58,'tushar.bagsariya.1@facebook.com','tushar.bagsariya.1@facebook.com',NULL,'pending',NULL,NULL,38,'2014-05-26 13:02:20','2014-05-26 13:02:20'),(59,'test1@yopmail.com','test1@yopmail.com',2,'accepted',NULL,NULL,39,'2014-05-26 13:02:21','2014-05-27 12:18:45'),(60,'rahul.virja@gmail.com','rahul.virja@gmail.com',3,'pending',NULL,NULL,39,'2014-05-26 13:02:21','2014-05-26 13:02:21'),(61,'sujitkrsahu.sujitkrsahu@facebook.com','sujitkrsahu.sujitkrsahu@facebook.com',NULL,'pending',NULL,NULL,39,'2014-05-26 13:02:21','2014-05-26 13:02:21'),(62,'tushar.bagsariya.1@facebook.com','tushar.bagsariya.1@facebook.com',NULL,'pending',NULL,NULL,39,'2014-05-26 13:02:21','2014-05-26 13:02:21'),(63,'test1@yopmail.com','test1@yopmail.com',2,'accepted',NULL,NULL,40,'2014-05-26 13:03:59','2014-05-27 12:16:44'),(64,'rahul.virja@gmail.com','rahul.virja@gmail.com',3,'pending',NULL,NULL,40,'2014-05-26 13:03:59','2014-05-26 13:03:59'),(65,'sujitkrsahu.sujitkrsahu@facebook.com','sujitkrsahu.sujitkrsahu@facebook.com',NULL,'pending',NULL,NULL,40,'2014-05-26 13:03:59','2014-05-26 13:03:59'),(66,'tushar.bagsariya.1@facebook.com','tushar.bagsariya.1@facebook.com',NULL,'pending',NULL,NULL,40,'2014-05-26 13:03:59','2014-05-26 13:03:59'),(67,'test1@yopmail.com','test1@yopmail.com',2,'accepted',NULL,NULL,41,'2014-05-26 13:04:00','2014-05-27 12:22:05'),(68,'rahul.virja@gmail.com','rahul.virja@gmail.com',3,'pending',NULL,NULL,41,'2014-05-26 13:04:00','2014-05-26 13:04:00'),(69,'sujitkrsahu.sujitkrsahu@facebook.com','sujitkrsahu.sujitkrsahu@facebook.com',NULL,'pending',NULL,NULL,41,'2014-05-26 13:04:00','2014-05-26 13:04:00'),(70,'tushar.bagsariya.1@facebook.com','tushar.bagsariya.1@facebook.com',NULL,'pending',NULL,NULL,41,'2014-05-26 13:04:00','2014-05-26 13:04:00'),(71,'monika.apsolute@gmail.com','Test1 (null)',1,'pending',NULL,NULL,42,'2014-05-27 06:13:49','2014-05-27 06:13:49'),(72,'monika.apsolute@gmail.com','Test1 (null)',1,'pending',NULL,NULL,43,'2014-05-27 06:13:50','2014-05-27 06:13:50'),(73,'monika.apsolute@gmail.com','Test1 (null)',1,'pending',NULL,NULL,44,'2014-05-27 06:14:28','2014-05-27 06:14:28'),(74,'monika.apsolute@gmail.com','Test1 (null)',1,'pending',NULL,NULL,45,'2014-05-27 06:14:28','2014-05-27 06:14:28'),(75,'monika.apsolute@gmail.com','Test1 (null)',1,'pending',NULL,NULL,46,'2014-05-27 06:16:51','2014-05-27 06:16:51'),(76,'monika.apsolute@gmail.com','Test1 (null)',1,'pending',NULL,NULL,47,'2014-05-27 06:16:53','2014-05-27 06:16:53'),(77,'monika.apsolute@gmail.com','Test1 (null)',1,'pending',NULL,NULL,48,'2014-05-27 06:19:37','2014-05-27 06:19:37'),(78,'monika.apsolute@gmail.com','Test1 (null)',1,'pending',NULL,NULL,49,'2014-05-27 06:19:37','2014-05-27 06:19:37'),(79,'monika.apsolute@gmail.com','Test1 (null)',1,'pending',NULL,NULL,50,'2014-05-27 06:22:46','2014-05-27 06:22:46'),(80,'monika.apsolute@gmail.com','Test1 (null)',1,'pending',NULL,NULL,51,'2014-05-27 06:22:48','2014-05-27 06:22:48'),(81,'monika.apsolute@gmail.com','Test1 (null)',1,'pending',NULL,NULL,52,'2014-05-27 06:24:35','2014-05-27 06:24:35'),(82,'monika.apsolute@gmail.com','Test1 (null)',1,'pending',NULL,NULL,53,'2014-05-27 06:24:36','2014-05-27 06:24:36'),(83,'test1@yopmail.com','test1',2,'accepted',NULL,NULL,71,'2014-05-27 11:29:52','2014-05-27 11:30:59'),(84,'dhahiral14@gmail.com','Dhaval Botad/H',NULL,'pending',NULL,NULL,71,'2014-05-27 11:29:52','2014-05-27 11:29:52'),(85,'anudabgar@gmail.com','aniket dabgar',NULL,'pending',NULL,NULL,71,'2014-05-27 11:29:52','2014-05-27 11:29:52'),(86,'amisha.patel1991@gmail.com','Amisha Patel',NULL,'pending',NULL,NULL,71,'2014-05-27 11:29:52','2014-05-27 11:29:52'),(87,'rahul.virja@gmail.com','Ahul Virja',3,'pending',NULL,NULL,72,'2014-05-27 11:31:47','2014-05-27 11:31:47'),(88,'rahul.virja@gmail.com','Ahul Virja',3,'pending',NULL,NULL,73,'2014-05-27 11:31:47','2014-05-27 11:31:47'),(89,'testing2@yopmail.com','Testing Test',7,'pending',NULL,NULL,74,'2014-05-27 11:32:42','2014-05-27 11:32:42'),(90,'testing2@yopmail.com','Testing Test',7,'accepted',4,'00:10',75,'2014-05-27 11:32:44','2014-05-27 12:03:13'),(91,'test1@yopmail.com','test1',2,'accepted',NULL,NULL,76,'2014-05-27 11:34:30','2014-05-27 11:57:19'),(92,'dhahiral14@gmail.com','Dhaval Botad/H',NULL,'pending',NULL,NULL,76,'2014-05-27 11:34:30','2014-05-27 11:34:30'),(93,'anudabgar@gmail.com','aniket dabgar',NULL,'pending',NULL,NULL,76,'2014-05-27 11:34:30','2014-05-27 11:34:30'),(94,'amisha.patel1991@gmail.com','Amisha Patel',NULL,'pending',NULL,NULL,76,'2014-05-27 11:34:30','2014-05-27 11:34:30'),(95,'test1@yopmail.com','test1',2,'accepted',NULL,NULL,77,'2014-05-27 11:39:09','2014-05-27 11:44:52'),(96,'dhahiral14@gmail.com','Dhaval Botad/H',NULL,'pending',NULL,NULL,77,'2014-05-27 11:39:09','2014-05-27 11:39:09'),(97,'anudabgar@gmail.com','aniket dabgar',NULL,'pending',NULL,NULL,77,'2014-05-27 11:39:09','2014-05-27 11:39:09'),(98,'amisha.patel1991@gmail.com','Amisha Patel',NULL,'pending',NULL,NULL,77,'2014-05-27 11:39:09','2014-05-27 11:39:09'),(99,'testing2@yopmail.com','Testing Test',7,'pending',NULL,NULL,78,'2014-05-27 11:44:14','2014-05-27 11:44:14'),(100,'testing2@yopmail.com','Testing Test',7,'accepted',NULL,NULL,79,'2014-05-27 11:44:15','2014-05-27 11:53:45'),(101,'test1@yopmail.com','test1@yopmail.com',2,'pending',NULL,NULL,80,'2014-05-27 11:57:22','2014-05-27 11:57:22'),(102,'monika.apsolute@gmail.com','monika.apsolute@gmail.com',1,'pending',NULL,NULL,80,'2014-05-27 11:57:22','2014-05-27 11:57:22'),(103,'testing2@yopmail.com','Testing Test',7,'pending',NULL,NULL,81,'2014-05-27 12:02:00','2014-05-27 12:02:00'),(104,'testing2@yopmail.com','Testing Test',7,'pending',NULL,NULL,82,'2014-05-27 12:02:01','2014-05-27 12:02:01'),(105,'test1@yopmail.com','test1',2,'pending',NULL,NULL,83,'2014-05-27 12:04:15','2014-05-27 12:04:15'),(106,'dhahiral14@gmail.com','Dhaval Botad/H',NULL,'pending',NULL,NULL,83,'2014-05-27 12:04:15','2014-05-27 12:04:15'),(107,'anudabgar@gmail.com','aniket dabgar',NULL,'pending',NULL,NULL,83,'2014-05-27 12:04:15','2014-05-27 12:04:15'),(108,'amisha.patel1991@gmail.com','Amisha Patel',NULL,'pending',NULL,NULL,83,'2014-05-27 12:04:15','2014-05-27 12:04:15'),(109,'testing2@yopmail.com','Testing Test',7,'accepted',0,'00:14',84,'2014-05-27 12:08:11','2014-05-27 12:11:19'),(110,'testing2@yopmail.com','Testing Test',7,'pending',NULL,NULL,85,'2014-05-27 12:08:12','2014-05-27 12:08:12'),(111,'\"dipakkeshariya@gmail.com.com','\"dipakkeshariya@gmail.com.com',NULL,'pending',NULL,NULL,87,'2014-06-02 12:29:00','2014-06-02 12:29:00'),(112,'dipakkeshariya@yopmail.com','dipakkeshariya@yopmail.com',4,'pending',NULL,NULL,87,'2014-06-02 12:29:00','2014-06-02 12:29:00'),(113,'monika.apsolute@gmail.com','monika.apsolute@gmail.com',1,'accepted',NULL,NULL,87,'2014-06-02 12:29:00','2014-06-09 06:14:14'),(114,'rahul.virja@gmail.com','rahul.virja@gmail.com',3,'pending',NULL,NULL,87,'2014-06-02 12:29:00','2014-06-02 12:29:00'),(115,'test1@yopmail.com','test1@yopmail.com',2,'pending',NULL,NULL,87,'2014-06-02 12:29:00','2014-06-02 12:29:00'),(116,'test2@yopmail.com','test2@yopmail.com',8,'pending',NULL,NULL,87,'2014-06-02 12:29:00','2014-06-02 12:29:00'),(117,'testing2@yopmail.com','testing2@yopmail.com',7,'pending',NULL,NULL,87,'2014-06-02 12:29:00','2014-06-02 12:29:00'),(118,'testing5@gmail.com.com','testing5@gmail.com.com',6,'pending',NULL,NULL,87,'2014-06-02 12:29:01','2014-06-02 12:29:01'),(119,'\"dipakkeshariya@gmail.com.com','\"dipakkeshariya@gmail.com.com',NULL,'pending',NULL,NULL,88,'2014-06-02 12:47:49','2014-06-02 12:47:49'),(120,'dipakkeshariya@yopmail.com','dipakkeshariya@yopmail.com',4,'pending',NULL,NULL,88,'2014-06-02 12:47:49','2014-06-02 12:47:49'),(121,'monika.apsolute@gmail.com','monika.apsolute@gmail.com',1,'accepted',NULL,NULL,88,'2014-06-02 12:47:49','2014-06-09 05:46:13'),(122,'rahul.virja@gmail.com','rahul.virja@gmail.com',3,'pending',NULL,NULL,88,'2014-06-02 12:47:49','2014-06-02 12:47:49'),(123,'test1@yopmail.com','test1@yopmail.com',2,'pending',NULL,NULL,88,'2014-06-02 12:47:49','2014-06-02 12:47:49'),(124,'test2@yopmail.com','test2@yopmail.com',8,'pending',NULL,NULL,88,'2014-06-02 12:47:49','2014-06-02 12:47:49'),(125,'testing2@yopmail.com','testing2@yopmail.com',7,'pending',NULL,NULL,88,'2014-06-02 12:47:49','2014-06-02 12:47:49'),(126,'testing5@gmail.com.com','testing5@gmail.com.com',6,'pending',NULL,NULL,88,'2014-06-02 12:47:49','2014-06-02 12:47:49');
/*!40000 ALTER TABLE `challenge_details` ENABLE KEYS */;
UNLOCK TABLES;

--
-- Table structure for table `challenges`
--

DROP TABLE IF EXISTS `challenges`;
/*!40101 SET @saved_cs_client     = @@character_set_client */;
/*!40101 SET character_set_client = utf8 */;
CREATE TABLE `challenges` (
  `id` int(11) NOT NULL AUTO_INCREMENT,
  `user_id` int(11) DEFAULT NULL,
  `session_type` varchar(255) COLLATE utf8_unicode_ci DEFAULT NULL,
  `score` float DEFAULT NULL,
  `time_take` varchar(255) COLLATE utf8_unicode_ci DEFAULT NULL,
  `no_of_question` int(11) DEFAULT NULL,
  `category_selected` text COLLATE utf8_unicode_ci,
  `created_at` datetime DEFAULT NULL,
  `updated_at` datetime DEFAULT NULL,
  `challenge_won_id` int(11) DEFAULT NULL,
  PRIMARY KEY (`id`)
) ENGINE=InnoDB AUTO_INCREMENT=90 DEFAULT CHARSET=utf8 COLLATE=utf8_unicode_ci;
/*!40101 SET character_set_client = @saved_cs_client */;

--
-- Dumping data for table `challenges`
--

LOCK TABLES `challenges` WRITE;
/*!40000 ALTER TABLE `challenges` DISABLE KEYS */;
INSERT INTO `challenges` VALUES (28,2,'Quick Session',4,'00:08',45,'','2014-05-23 12:59:39','2014-05-26 11:34:13',NULL),(29,7,'quick',2.22,'00:07',45,'','2014-05-24 07:26:33','2014-05-26 11:34:13',NULL),(30,7,'quick',2.22,'00:07',45,'','2014-05-24 07:26:36','2014-05-26 11:34:13',NULL),(31,7,'quick',2.22,'00:07',45,'','2014-05-24 07:28:29','2014-05-26 11:34:13',NULL),(32,7,'quick',2.22,'00:07',45,'','2014-05-24 07:28:31','2014-05-26 11:34:14',NULL),(33,3,'Quick Session',6,'00:08',45,'','2014-05-24 08:21:29','2014-05-26 11:34:14',NULL),(34,7,'quick',0,'00:05',45,'','2014-05-24 08:22:28','2014-05-26 11:34:14',NULL),(35,7,'quick',0,'00:05',45,'','2014-05-24 08:22:30','2014-05-26 11:34:14',NULL),(36,7,'quick',4.44,'00:06',45,'','2014-05-26 13:00:37','2014-05-26 13:00:37',NULL),(37,7,'quick',4.44,'00:06',45,'','2014-05-26 13:00:38','2014-05-26 13:00:38',NULL),(38,7,'quick',4.44,'00:06',45,'','2014-05-26 13:02:20','2014-05-26 13:02:20',NULL),(39,7,'quick',4.44,'00:06',45,'','2014-05-26 13:02:21','2014-05-26 13:02:21',NULL),(40,7,'quick',4.44,'00:06',45,'','2014-05-26 13:03:59','2014-05-26 13:03:59',NULL),(41,7,'quick',4.44,'00:06',45,'','2014-05-26 13:03:59','2014-05-26 13:03:59',NULL),(42,7,'quick',8.89,'00:14',45,'','2014-05-27 06:13:49','2014-05-27 06:13:49',NULL),(43,7,'quick',8.89,'00:14',45,'','2014-05-27 06:13:50','2014-05-27 06:13:50',NULL),(44,7,'quick',8.89,'00:14',45,'','2014-05-27 06:14:28','2014-05-27 06:14:28',NULL),(45,7,'quick',8.89,'00:14',45,'','2014-05-27 06:14:28','2014-05-27 06:14:28',NULL),(46,7,'quick',8.89,'00:14',45,'','2014-05-27 06:16:51','2014-05-27 06:16:51',NULL),(47,7,'quick',8.89,'00:14',45,'','2014-05-27 06:16:53','2014-05-27 06:16:53',NULL),(48,7,'quick',8.89,'00:14',45,'','2014-05-27 06:19:37','2014-05-27 06:19:37',NULL),(49,7,'quick',8.89,'00:14',45,'','2014-05-27 06:19:37','2014-05-27 06:19:37',NULL),(50,7,'quick',8.89,'00:14',45,'','2014-05-27 06:22:46','2014-05-27 06:22:46',NULL),(51,7,'quick',8.89,'00:14',45,'','2014-05-27 06:22:47','2014-05-27 06:22:47',NULL),(52,7,'quick',8.89,'00:14',45,'','2014-05-27 06:24:35','2014-05-27 06:24:35',NULL),(53,7,'quick',8.89,'00:14',45,'','2014-05-27 06:24:36','2014-05-27 06:24:36',NULL),(54,7,'quick',8.89,'00:14',45,'','2014-05-27 06:30:07','2014-05-27 06:30:07',NULL),(55,7,'quick',8.89,'00:14',45,'','2014-05-27 06:34:22','2014-05-27 06:34:22',NULL),(56,7,'quick',8.89,'00:14',45,'','2014-05-27 06:37:55','2014-05-27 06:37:55',NULL),(57,7,'quick',8.89,'00:14',45,'','2014-05-27 06:37:56','2014-05-27 06:37:56',NULL),(58,7,'quick',8.89,'00:14',45,'','2014-05-27 06:38:47','2014-05-27 06:38:47',NULL),(59,7,'quick',8.89,'00:14',45,'','2014-05-27 06:38:47','2014-05-27 06:38:47',NULL),(60,7,'quick',8.89,'00:14',45,'','2014-05-27 06:40:20','2014-05-27 06:40:20',NULL),(61,7,'quick',8.89,'00:14',45,'','2014-05-27 06:40:20','2014-05-27 06:40:20',NULL),(62,8,'Quick Session',2,'00:05',45,'','2014-05-27 06:42:23','2014-05-27 06:42:23',NULL),(63,7,'quick',8.89,'00:14',45,'','2014-05-27 06:45:51','2014-05-27 06:45:51',NULL),(64,7,'quick',8.89,'00:14',45,'','2014-05-27 06:45:55','2014-05-27 06:45:55',NULL),(65,7,'quick',8.89,'00:09',45,'','2014-05-27 06:51:38','2014-05-27 06:51:38',NULL),(66,7,'quick',8.89,'00:09',45,'','2014-05-27 06:51:47','2014-05-27 06:51:47',NULL),(67,2,'Quick Session',0,'00:03',45,'','2014-05-27 06:54:58','2014-05-27 06:54:58',NULL),(68,2,'Quick Session',2,'00:03',45,'','2014-05-27 06:57:14','2014-05-27 06:57:14',NULL),(69,2,'Quick Session',0,'00:06',45,'','2014-05-27 07:00:12','2014-05-27 07:00:12',NULL),(70,3,'Quick Session',0,'00:06',45,'','2014-05-27 07:02:17','2014-05-27 07:02:17',NULL),(71,7,'Quick Session',0,'00:06',45,'','2014-05-27 11:29:52','2014-05-27 11:29:52',NULL),(72,2,'quick',2.22,'00:03',45,'','2014-05-27 11:31:47','2014-05-27 11:31:47',NULL),(73,2,'quick',2.22,'00:03',45,'','2014-05-27 11:31:47','2014-05-27 11:31:47',NULL),(74,2,'quick',2.22,'00:03',45,'','2014-05-27 11:32:42','2014-05-27 11:32:42',NULL),(75,2,'quick',2.22,'00:03',45,'','2014-05-27 11:32:44','2014-05-27 12:03:13',7),(76,7,'Quick Session',6,'00:14',45,'','2014-05-27 11:34:30','2014-05-27 11:34:30',NULL),(77,7,'Quick Session',4,'00:08',45,'','2014-05-27 11:39:09','2014-05-27 11:39:09',NULL),(78,2,'quick',2.22,'00:05',45,'','2014-05-27 11:44:14','2014-05-27 11:44:14',NULL),(79,2,'quick',2.22,'00:05',45,'','2014-05-27 11:44:15','2014-05-27 11:44:15',NULL),(80,8,'quick',2.22,'00:05',10,'','2014-05-27 11:52:26','2014-05-27 11:52:26',NULL),(81,2,'quick',17.78,'00:13',45,'','2014-05-27 12:02:00','2014-05-27 12:02:00',NULL),(82,2,'quick',17.78,'00:13',45,'','2014-05-27 12:02:01','2014-05-27 12:02:01',NULL),(83,7,'Quick Session',2,'00:08',45,'','2014-05-27 12:04:15','2014-05-27 12:04:15',NULL),(84,2,'quick',24.44,'00:34',45,'','2014-05-27 12:08:11','2014-05-27 12:11:19',2),(85,2,'quick',24.44,'00:34',45,'','2014-05-27 12:08:12','2014-05-27 12:08:12',NULL),(86,1,'quick',11,'00:90',NULL,'','2014-06-02 12:24:36','2014-06-02 12:24:36',NULL),(87,1,'quick',11,'00:90',NULL,'','2014-06-02 12:29:00','2014-06-02 12:29:00',NULL),(88,1,'quick',11,'00:09',NULL,'','2014-06-02 12:47:49','2014-06-02 12:47:49',NULL),(89,1,'quick',11,'00:09',NULL,'','2014-06-02 12:50:37','2014-06-02 12:50:37',NULL);
/*!40000 ALTER TABLE `challenges` ENABLE KEYS */;
UNLOCK TABLES;

--
-- Table structure for table `quiz_categories`
--

DROP TABLE IF EXISTS `quiz_categories`;
/*!40101 SET @saved_cs_client     = @@character_set_client */;
/*!40101 SET character_set_client = utf8 */;
CREATE TABLE `quiz_categories` (
  `id` int(11) NOT NULL AUTO_INCREMENT,
  `name` varchar(255) COLLATE utf8_unicode_ci DEFAULT NULL,
  `created_at` datetime DEFAULT NULL,
  `updated_at` datetime DEFAULT NULL,
  `is_image` tinyint(1) DEFAULT '0',
  PRIMARY KEY (`id`)
) ENGINE=InnoDB AUTO_INCREMENT=149 DEFAULT CHARSET=utf8 COLLATE=utf8_unicode_ci;
/*!40101 SET character_set_client = @saved_cs_client */;

--
-- Dumping data for table `quiz_categories`
--

LOCK TABLES `quiz_categories` WRITE;
/*!40000 ALTER TABLE `quiz_categories` DISABLE KEYS */;
INSERT INTO `quiz_categories` VALUES (140,'Number series','2014-06-10 13:14:44','2014-06-10 13:14:44',0),(141,'Calculating','2014-06-10 13:14:45','2014-06-10 13:14:45',0),(142,'Word recognition','2014-06-10 13:14:45','2014-06-10 13:14:45',0),(143,'Sayings','2014-06-10 13:14:46','2014-06-10 13:14:46',0),(144,'Language','2014-06-10 13:14:47','2014-06-10 13:14:47',0),(145,'Logic','2014-06-10 13:14:47','2014-06-10 13:14:47',0),(146,'Symbols','2014-06-10 13:15:33','2014-06-10 13:15:33',1),(147,'Visual logic','2014-06-10 13:15:44','2014-06-10 13:15:44',1),(148,'Spacial reasoning','2014-06-10 13:15:58','2014-06-10 13:15:58',1);
/*!40000 ALTER TABLE `quiz_categories` ENABLE KEYS */;
UNLOCK TABLES;

--
-- Table structure for table `quiz_question_options`
--

DROP TABLE IF EXISTS `quiz_question_options`;
/*!40101 SET @saved_cs_client     = @@character_set_client */;
/*!40101 SET character_set_client = utf8 */;
CREATE TABLE `quiz_question_options` (
  `id` int(11) NOT NULL AUTO_INCREMENT,
  `quiz_question_id` int(11) DEFAULT NULL,
  `name` varchar(255) COLLATE utf8_unicode_ci DEFAULT NULL,
  `created_at` datetime DEFAULT NULL,
  `updated_at` datetime DEFAULT NULL,
  `answer_file_name` varchar(255) COLLATE utf8_unicode_ci DEFAULT NULL,
  `answer_content_type` varchar(255) COLLATE utf8_unicode_ci DEFAULT NULL,
  `answer_file_size` int(11) DEFAULT NULL,
  `answer_updated_at` datetime DEFAULT NULL,
  PRIMARY KEY (`id`)
) ENGINE=InnoDB AUTO_INCREMENT=6829 DEFAULT CHARSET=utf8 COLLATE=utf8_unicode_ci;
/*!40101 SET character_set_client = @saved_cs_client */;

--
-- Dumping data for table `quiz_question_options`
--

LOCK TABLES `quiz_question_options` WRITE;
/*!40000 ALTER TABLE `quiz_question_options` DISABLE KEYS */;
INSERT INTO `quiz_question_options` VALUES (6589,1648,'8.0','2014-06-10 13:14:44','2014-06-10 13:14:44',NULL,NULL,NULL,NULL),(6590,1648,'10.0','2014-06-10 13:14:44','2014-06-10 13:14:44',NULL,NULL,NULL,NULL),(6591,1648,'6.0','2014-06-10 13:14:44','2014-06-10 13:14:44',NULL,NULL,NULL,NULL),(6592,1648,'4.0','2014-06-10 13:14:44','2014-06-10 13:14:44',NULL,NULL,NULL,NULL),(6593,1649,'5.0','2014-06-10 13:14:44','2014-06-10 13:14:44',NULL,NULL,NULL,NULL),(6594,1649,'11.0','2014-06-10 13:14:44','2014-06-10 13:14:44',NULL,NULL,NULL,NULL),(6595,1649,'9.0','2014-06-10 13:14:44','2014-06-10 13:14:44',NULL,NULL,NULL,NULL),(6596,1649,'8.0','2014-06-10 13:14:44','2014-06-10 13:14:44',NULL,NULL,NULL,NULL),(6597,1650,'6.0','2014-06-10 13:14:44','2014-06-10 13:14:44',NULL,NULL,NULL,NULL),(6598,1650,'12.0','2014-06-10 13:14:44','2014-06-10 13:14:44',NULL,NULL,NULL,NULL),(6599,1650,'3.0','2014-06-10 13:14:44','2014-06-10 13:14:44',NULL,NULL,NULL,NULL),(6600,1650,'8.0','2014-06-10 13:14:44','2014-06-10 13:14:44',NULL,NULL,NULL,NULL),(6601,1651,'12.0','2014-06-10 13:14:44','2014-06-10 13:14:44',NULL,NULL,NULL,NULL),(6602,1651,'7.0','2014-06-10 13:14:44','2014-06-10 13:14:44',NULL,NULL,NULL,NULL),(6603,1651,'9.0','2014-06-10 13:14:44','2014-06-10 13:14:44',NULL,NULL,NULL,NULL),(6604,1651,'13.0','2014-06-10 13:14:44','2014-06-10 13:14:44',NULL,NULL,NULL,NULL),(6605,1652,'16.0','2014-06-10 13:14:44','2014-06-10 13:14:44',NULL,NULL,NULL,NULL),(6606,1652,'12.0','2014-06-10 13:14:44','2014-06-10 13:14:44',NULL,NULL,NULL,NULL),(6607,1652,'14.0','2014-06-10 13:14:44','2014-06-10 13:14:44',NULL,NULL,NULL,NULL),(6608,1652,'4.0','2014-06-10 13:14:44','2014-06-10 13:14:44',NULL,NULL,NULL,NULL),(6609,1653,'24.0','2014-06-10 13:14:44','2014-06-10 13:14:44',NULL,NULL,NULL,NULL),(6610,1653,'28.0','2014-06-10 13:14:44','2014-06-10 13:14:44',NULL,NULL,NULL,NULL),(6611,1653,'32.0','2014-06-10 13:14:44','2014-06-10 13:14:44',NULL,NULL,NULL,NULL),(6612,1653,'36.0','2014-06-10 13:14:44','2014-06-10 13:14:44',NULL,NULL,NULL,NULL),(6613,1654,'24.0','2014-06-10 13:14:44','2014-06-10 13:14:44',NULL,NULL,NULL,NULL),(6614,1654,'22.0','2014-06-10 13:14:44','2014-06-10 13:14:44',NULL,NULL,NULL,NULL),(6615,1654,'18.0','2014-06-10 13:14:44','2014-06-10 13:14:44',NULL,NULL,NULL,NULL),(6616,1654,'16.0','2014-06-10 13:14:44','2014-06-10 13:14:44',NULL,NULL,NULL,NULL),(6617,1655,'24.0','2014-06-10 13:14:44','2014-06-10 13:14:44',NULL,NULL,NULL,NULL),(6618,1655,'28.0','2014-06-10 13:14:44','2014-06-10 13:14:44',NULL,NULL,NULL,NULL),(6619,1655,'32.0','2014-06-10 13:14:44','2014-06-10 13:14:44',NULL,NULL,NULL,NULL),(6620,1655,'36.0','2014-06-10 13:14:44','2014-06-10 13:14:44',NULL,NULL,NULL,NULL),(6621,1656,'251.0','2014-06-10 13:14:44','2014-06-10 13:14:44',NULL,NULL,NULL,NULL),(6622,1656,'243.0','2014-06-10 13:14:44','2014-06-10 13:14:44',NULL,NULL,NULL,NULL),(6623,1656,'157.0','2014-06-10 13:14:45','2014-06-10 13:14:45',NULL,NULL,NULL,NULL),(6624,1656,'121.0','2014-06-10 13:14:45','2014-06-10 13:14:45',NULL,NULL,NULL,NULL),(6625,1657,'20.0','2014-06-10 13:14:45','2014-06-10 13:14:45',NULL,NULL,NULL,NULL),(6626,1657,'25.0','2014-06-10 13:14:45','2014-06-10 13:14:45',NULL,NULL,NULL,NULL),(6627,1657,'50.0','2014-06-10 13:14:45','2014-06-10 13:14:45',NULL,NULL,NULL,NULL),(6628,1657,'100.0','2014-06-10 13:14:45','2014-06-10 13:14:45',NULL,NULL,NULL,NULL),(6629,1658,'25.0','2014-06-10 13:14:45','2014-06-10 13:14:45',NULL,NULL,NULL,NULL),(6630,1658,'40.0','2014-06-10 13:14:45','2014-06-10 13:14:45',NULL,NULL,NULL,NULL),(6631,1658,'50.0','2014-06-10 13:14:45','2014-06-10 13:14:45',NULL,NULL,NULL,NULL),(6632,1658,'200.0','2014-06-10 13:14:45','2014-06-10 13:14:45',NULL,NULL,NULL,NULL),(6633,1659,'40.0','2014-06-10 13:14:45','2014-06-10 13:14:45',NULL,NULL,NULL,NULL),(6634,1659,'50.0','2014-06-10 13:14:45','2014-06-10 13:14:45',NULL,NULL,NULL,NULL),(6635,1659,'80.0','2014-06-10 13:14:45','2014-06-10 13:14:45',NULL,NULL,NULL,NULL),(6636,1659,'100.0','2014-06-10 13:14:45','2014-06-10 13:14:45',NULL,NULL,NULL,NULL),(6637,1660,'40.0','2014-06-10 13:14:45','2014-06-10 13:14:45',NULL,NULL,NULL,NULL),(6638,1660,'50.0','2014-06-10 13:14:45','2014-06-10 13:14:45',NULL,NULL,NULL,NULL),(6639,1660,'60.0','2014-06-10 13:14:45','2014-06-10 13:14:45',NULL,NULL,NULL,NULL),(6640,1660,'80.0','2014-06-10 13:14:45','2014-06-10 13:14:45',NULL,NULL,NULL,NULL),(6641,1661,'0.2','2014-06-10 13:14:45','2014-06-10 13:14:45',NULL,NULL,NULL,NULL),(6642,1661,'0.25','2014-06-10 13:14:45','2014-06-10 13:14:45',NULL,NULL,NULL,NULL),(6643,1661,'0.33','2014-06-10 13:14:45','2014-06-10 13:14:45',NULL,NULL,NULL,NULL),(6644,1661,'0.5','2014-06-10 13:14:45','2014-06-10 13:14:45',NULL,NULL,NULL,NULL),(6645,1662,'0.33','2014-06-10 13:14:45','2014-06-10 13:14:45',NULL,NULL,NULL,NULL),(6646,1662,'0.66','2014-06-10 13:14:45','2014-06-10 13:14:45',NULL,NULL,NULL,NULL),(6647,1662,'0.55','2014-06-10 13:14:45','2014-06-10 13:14:45',NULL,NULL,NULL,NULL),(6648,1662,'0.5','2014-06-10 13:14:45','2014-06-10 13:14:45',NULL,NULL,NULL,NULL),(6649,1663,'0.1','2014-06-10 13:14:45','2014-06-10 13:14:45',NULL,NULL,NULL,NULL),(6650,1663,'0.15','2014-06-10 13:14:45','2014-06-10 13:14:45',NULL,NULL,NULL,NULL),(6651,1663,'0.2','2014-06-10 13:14:45','2014-06-10 13:14:45',NULL,NULL,NULL,NULL),(6652,1663,'0.25','2014-06-10 13:14:45','2014-06-10 13:14:45',NULL,NULL,NULL,NULL),(6653,1664,'0.33','2014-06-10 13:14:45','2014-06-10 13:14:45',NULL,NULL,NULL,NULL),(6654,1664,'0.15','2014-06-10 13:14:45','2014-06-10 13:14:45',NULL,NULL,NULL,NULL),(6655,1664,'0.2','2014-06-10 13:14:45','2014-06-10 13:14:45',NULL,NULL,NULL,NULL),(6656,1664,'0.25','2014-06-10 13:14:45','2014-06-10 13:14:45',NULL,NULL,NULL,NULL),(6657,1665,'0.8','2014-06-10 13:14:45','2014-06-10 13:14:45',NULL,NULL,NULL,NULL),(6658,1665,'0.75','2014-06-10 13:14:45','2014-06-10 13:14:45',NULL,NULL,NULL,NULL),(6659,1665,'0.67','2014-06-10 13:14:45','2014-06-10 13:14:45',NULL,NULL,NULL,NULL),(6660,1665,'0.5','2014-06-10 13:14:45','2014-06-10 13:14:45',NULL,NULL,NULL,NULL),(6661,1666,'walking','2014-06-10 13:14:45','2014-06-10 13:14:45',NULL,NULL,NULL,NULL),(6662,1666,'answer','2014-06-10 13:14:45','2014-06-10 13:14:45',NULL,NULL,NULL,NULL),(6663,1666,'slow','2014-06-10 13:14:45','2014-06-10 13:14:45',NULL,NULL,NULL,NULL),(6664,1666,'noisy','2014-06-10 13:14:45','2014-06-10 13:14:45',NULL,NULL,NULL,NULL),(6665,1667,'eastern','2014-06-10 13:14:45','2014-06-10 13:14:45',NULL,NULL,NULL,NULL),(6666,1667,'walking','2014-06-10 13:14:45','2014-06-10 13:14:45',NULL,NULL,NULL,NULL),(6667,1667,'ice','2014-06-10 13:14:45','2014-06-10 13:14:45',NULL,NULL,NULL,NULL),(6668,1667,'question','2014-06-10 13:14:45','2014-06-10 13:14:45',NULL,NULL,NULL,NULL),(6669,1668,'ornate','2014-06-10 13:14:45','2014-06-10 13:14:45',NULL,NULL,NULL,NULL),(6670,1668,'easy','2014-06-10 13:14:45','2014-06-10 13:14:45',NULL,NULL,NULL,NULL),(6671,1668,'forget','2014-06-10 13:14:45','2014-06-10 13:14:45',NULL,NULL,NULL,NULL),(6672,1668,'kind','2014-06-10 13:14:45','2014-06-10 13:14:45',NULL,NULL,NULL,NULL),(6673,1669,'answer','2014-06-10 13:14:45','2014-06-10 13:14:45',NULL,NULL,NULL,NULL),(6674,1669,'simple','2014-06-10 13:14:45','2014-06-10 13:14:45',NULL,NULL,NULL,NULL),(6675,1669,'difficult','2014-06-10 13:14:45','2014-06-10 13:14:45',NULL,NULL,NULL,NULL),(6676,1669,'liberal','2014-06-10 13:14:45','2014-06-10 13:14:45',NULL,NULL,NULL,NULL),(6677,1670,'memory','2014-06-10 13:14:46','2014-06-10 13:14:46',NULL,NULL,NULL,NULL),(6678,1670,'burning','2014-06-10 13:14:46','2014-06-10 13:14:46',NULL,NULL,NULL,NULL),(6679,1670,'forget','2014-06-10 13:14:46','2014-06-10 13:14:46',NULL,NULL,NULL,NULL),(6680,1670,'repulsive','2014-06-10 13:14:46','2014-06-10 13:14:46',NULL,NULL,NULL,NULL),(6681,1671,'lapsed','2014-06-10 13:14:46','2014-06-10 13:14:46',NULL,NULL,NULL,NULL),(6682,1671,'good','2014-06-10 13:14:46','2014-06-10 13:14:46',NULL,NULL,NULL,NULL),(6683,1671,'sadness','2014-06-10 13:14:46','2014-06-10 13:14:46',NULL,NULL,NULL,NULL),(6684,1671,'hope','2014-06-10 13:14:46','2014-06-10 13:14:46',NULL,NULL,NULL,NULL),(6685,1672,'strong','2014-06-10 13:14:46','2014-06-10 13:14:46',NULL,NULL,NULL,NULL),(6686,1672,'nothing','2014-06-10 13:14:46','2014-06-10 13:14:46',NULL,NULL,NULL,NULL),(6687,1672,'nowhere','2014-06-10 13:14:46','2014-06-10 13:14:46',NULL,NULL,NULL,NULL),(6688,1672,'everywhere','2014-06-10 13:14:46','2014-06-10 13:14:46',NULL,NULL,NULL,NULL),(6689,1673,'loving','2014-06-10 13:14:46','2014-06-10 13:14:46',NULL,NULL,NULL,NULL),(6690,1673,'gentle','2014-06-10 13:14:46','2014-06-10 13:14:46',NULL,NULL,NULL,NULL),(6691,1673,'brave','2014-06-10 13:14:46','2014-06-10 13:14:46',NULL,NULL,NULL,NULL),(6692,1673,'strong','2014-06-10 13:14:46','2014-06-10 13:14:46',NULL,NULL,NULL,NULL),(6693,1674,'ice','2014-06-10 13:14:46','2014-06-10 13:14:46',NULL,NULL,NULL,NULL),(6694,1674,'strong','2014-06-10 13:14:46','2014-06-10 13:14:46',NULL,NULL,NULL,NULL),(6695,1674,'brave','2014-06-10 13:14:46','2014-06-10 13:14:46',NULL,NULL,NULL,NULL),(6696,1674,'glass','2014-06-10 13:14:46','2014-06-10 13:14:46',NULL,NULL,NULL,NULL),(6697,1675,'James','2014-06-10 13:14:46','2014-06-10 13:14:46',NULL,NULL,NULL,NULL),(6698,1675,'Elvis','2014-06-10 13:14:46','2014-06-10 13:14:46',NULL,NULL,NULL,NULL),(6699,1675,'Kennedy','2014-06-10 13:14:46','2014-06-10 13:14:46',NULL,NULL,NULL,NULL),(6700,1675,'Obama','2014-06-10 13:14:46','2014-06-10 13:14:46',NULL,NULL,NULL,NULL),(6701,1676,'eat','2014-06-10 13:14:46','2014-06-10 13:14:46',NULL,NULL,NULL,NULL),(6702,1676,'drink','2014-06-10 13:14:46','2014-06-10 13:14:46',NULL,NULL,NULL,NULL),(6703,1676,'see','2014-06-10 13:14:46','2014-06-10 13:14:46',NULL,NULL,NULL,NULL),(6704,1676,'want','2014-06-10 13:14:46','2014-06-10 13:14:46',NULL,NULL,NULL,NULL),(6705,1677,'proverbs','2014-06-10 13:14:46','2014-06-10 13:14:46',NULL,NULL,NULL,NULL),(6706,1677,'curses','2014-06-10 13:14:46','2014-06-10 13:14:46',NULL,NULL,NULL,NULL),(6707,1677,'words','2014-06-10 13:14:46','2014-06-10 13:14:46',NULL,NULL,NULL,NULL),(6708,1677,'fists','2014-06-10 13:14:46','2014-06-10 13:14:46',NULL,NULL,NULL,NULL),(6709,1678,'golden','2014-06-10 13:14:46','2014-06-10 13:14:46',NULL,NULL,NULL,NULL),(6710,1678,'silver','2014-06-10 13:14:46','2014-06-10 13:14:46',NULL,NULL,NULL,NULL),(6711,1678,'white','2014-06-10 13:14:46','2014-06-10 13:14:46',NULL,NULL,NULL,NULL),(6712,1678,'blue','2014-06-10 13:14:46','2014-06-10 13:14:46',NULL,NULL,NULL,NULL),(6713,1679,'dog','2014-06-10 13:14:46','2014-06-10 13:14:46',NULL,NULL,NULL,NULL),(6714,1679,'cat','2014-06-10 13:14:46','2014-06-10 13:14:46',NULL,NULL,NULL,NULL),(6715,1679,'monkey','2014-06-10 13:14:46','2014-06-10 13:14:46',NULL,NULL,NULL,NULL),(6716,1679,'mouse','2014-06-10 13:14:46','2014-06-10 13:14:46',NULL,NULL,NULL,NULL),(6717,1680,'bigger','2014-06-10 13:14:46','2014-06-10 13:14:46',NULL,NULL,NULL,NULL),(6718,1680,'bolder','2014-06-10 13:14:46','2014-06-10 13:14:46',NULL,NULL,NULL,NULL),(6719,1680,'better','2014-06-10 13:14:46','2014-06-10 13:14:46',NULL,NULL,NULL,NULL),(6720,1680,'larger','2014-06-10 13:14:46','2014-06-10 13:14:46',NULL,NULL,NULL,NULL),(6721,1681,'lay eggs','2014-06-10 13:14:46','2014-06-10 13:14:46',NULL,NULL,NULL,NULL),(6722,1681,'hatch','2014-06-10 13:14:46','2014-06-10 13:14:46',NULL,NULL,NULL,NULL),(6723,1681,'fly','2014-06-10 13:14:46','2014-06-10 13:14:46',NULL,NULL,NULL,NULL),(6724,1681,'sleep','2014-06-10 13:14:46','2014-06-10 13:14:46',NULL,NULL,NULL,NULL),(6725,1682,'pig','2014-06-10 13:14:46','2014-06-10 13:14:46',NULL,NULL,NULL,NULL),(6726,1682,'dog','2014-06-10 13:14:46','2014-06-10 13:14:46',NULL,NULL,NULL,NULL),(6727,1682,'leopard','2014-06-10 13:14:46','2014-06-10 13:14:46',NULL,NULL,NULL,NULL),(6728,1682,'cow','2014-06-10 13:14:46','2014-06-10 13:14:46',NULL,NULL,NULL,NULL),(6729,1683,'penny','2014-06-10 13:14:46','2014-06-10 13:14:46',NULL,NULL,NULL,NULL),(6730,1683,'dollar','2014-06-10 13:14:46','2014-06-10 13:14:46',NULL,NULL,NULL,NULL),(6731,1683,'pound','2014-06-10 13:14:46','2014-06-10 13:14:46',NULL,NULL,NULL,NULL),(6732,1683,'day','2014-06-10 13:14:46','2014-06-10 13:14:46',NULL,NULL,NULL,NULL),(6733,1684,'walking','2014-06-10 13:14:47','2014-06-10 13:14:47',NULL,NULL,NULL,NULL),(6734,1684,'answer','2014-06-10 13:14:47','2014-06-10 13:14:47',NULL,NULL,NULL,NULL),(6735,1684,'slow','2014-06-10 13:14:47','2014-06-10 13:14:47',NULL,NULL,NULL,NULL),(6736,1684,'noisy','2014-06-10 13:14:47','2014-06-10 13:14:47',NULL,NULL,NULL,NULL),(6737,1685,'eastern','2014-06-10 13:14:47','2014-06-10 13:14:47',NULL,NULL,NULL,NULL),(6738,1685,'walking','2014-06-10 13:14:47','2014-06-10 13:14:47',NULL,NULL,NULL,NULL),(6739,1685,'ice','2014-06-10 13:14:47','2014-06-10 13:14:47',NULL,NULL,NULL,NULL),(6740,1685,'question','2014-06-10 13:14:47','2014-06-10 13:14:47',NULL,NULL,NULL,NULL),(6741,1686,'ornate','2014-06-10 13:14:47','2014-06-10 13:14:47',NULL,NULL,NULL,NULL),(6742,1686,'easy','2014-06-10 13:14:47','2014-06-10 13:14:47',NULL,NULL,NULL,NULL),(6743,1686,'forget','2014-06-10 13:14:47','2014-06-10 13:14:47',NULL,NULL,NULL,NULL),(6744,1686,'kind','2014-06-10 13:14:47','2014-06-10 13:14:47',NULL,NULL,NULL,NULL),(6745,1687,'answer','2014-06-10 13:14:47','2014-06-10 13:14:47',NULL,NULL,NULL,NULL),(6746,1687,'simple','2014-06-10 13:14:47','2014-06-10 13:14:47',NULL,NULL,NULL,NULL),(6747,1687,'difficult','2014-06-10 13:14:47','2014-06-10 13:14:47',NULL,NULL,NULL,NULL),(6748,1687,'liberal','2014-06-10 13:14:47','2014-06-10 13:14:47',NULL,NULL,NULL,NULL),(6749,1688,'memory','2014-06-10 13:14:47','2014-06-10 13:14:47',NULL,NULL,NULL,NULL),(6750,1688,'burning','2014-06-10 13:14:47','2014-06-10 13:14:47',NULL,NULL,NULL,NULL),(6751,1688,'forget','2014-06-10 13:14:47','2014-06-10 13:14:47',NULL,NULL,NULL,NULL),(6752,1688,'repulsive','2014-06-10 13:14:47','2014-06-10 13:14:47',NULL,NULL,NULL,NULL),(6753,1689,'lapsed','2014-06-10 13:14:47','2014-06-10 13:14:47',NULL,NULL,NULL,NULL),(6754,1689,'good','2014-06-10 13:14:47','2014-06-10 13:14:47',NULL,NULL,NULL,NULL),(6755,1689,'sadness','2014-06-10 13:14:47','2014-06-10 13:14:47',NULL,NULL,NULL,NULL),(6756,1689,'hope','2014-06-10 13:14:47','2014-06-10 13:14:47',NULL,NULL,NULL,NULL),(6757,1690,'strong','2014-06-10 13:14:47','2014-06-10 13:14:47',NULL,NULL,NULL,NULL),(6758,1690,'nothing','2014-06-10 13:14:47','2014-06-10 13:14:47',NULL,NULL,NULL,NULL),(6759,1690,'nowhere','2014-06-10 13:14:47','2014-06-10 13:14:47',NULL,NULL,NULL,NULL),(6760,1690,'everywhere','2014-06-10 13:14:47','2014-06-10 13:14:47',NULL,NULL,NULL,NULL),(6761,1691,'loving','2014-06-10 13:14:47','2014-06-10 13:14:47',NULL,NULL,NULL,NULL),(6762,1691,'gentle','2014-06-10 13:14:47','2014-06-10 13:14:47',NULL,NULL,NULL,NULL),(6763,1691,'brave','2014-06-10 13:14:47','2014-06-10 13:14:47',NULL,NULL,NULL,NULL),(6764,1691,'strong','2014-06-10 13:14:47','2014-06-10 13:14:47',NULL,NULL,NULL,NULL),(6765,1692,'ice','2014-06-10 13:14:47','2014-06-10 13:14:47',NULL,NULL,NULL,NULL),(6766,1692,'strong','2014-06-10 13:14:47','2014-06-10 13:14:47',NULL,NULL,NULL,NULL),(6767,1692,'brave','2014-06-10 13:14:47','2014-06-10 13:14:47',NULL,NULL,NULL,NULL),(6768,1692,'glass','2014-06-10 13:14:47','2014-06-10 13:14:47',NULL,NULL,NULL,NULL),(6769,1693,'fruit','2014-06-10 13:14:47','2014-06-10 13:14:47',NULL,NULL,NULL,NULL),(6770,1693,'tree','2014-06-10 13:14:47','2014-06-10 13:14:47',NULL,NULL,NULL,NULL),(6771,1693,'pear','2014-06-10 13:14:47','2014-06-10 13:14:47',NULL,NULL,NULL,NULL),(6772,1693,'berry','2014-06-10 13:14:47','2014-06-10 13:14:47',NULL,NULL,NULL,NULL),(6773,1694,'table','2014-06-10 13:14:47','2014-06-10 13:14:47',NULL,NULL,NULL,NULL),(6774,1694,'furniture','2014-06-10 13:14:47','2014-06-10 13:14:47',NULL,NULL,NULL,NULL),(6775,1694,'couch','2014-06-10 13:14:47','2014-06-10 13:14:47',NULL,NULL,NULL,NULL),(6776,1694,'house','2014-06-10 13:14:47','2014-06-10 13:14:47',NULL,NULL,NULL,NULL),(6777,1695,'juice','2014-06-10 13:14:47','2014-06-10 13:14:47',NULL,NULL,NULL,NULL),(6778,1695,'house','2014-06-10 13:14:47','2014-06-10 13:14:47',NULL,NULL,NULL,NULL),(6779,1695,'orange','2014-06-10 13:14:47','2014-06-10 13:14:47',NULL,NULL,NULL,NULL),(6780,1695,'red','2014-06-10 13:14:47','2014-06-10 13:14:47',NULL,NULL,NULL,NULL),(6781,1696,'cheese','2014-06-10 13:14:47','2014-06-10 13:14:47',NULL,NULL,NULL,NULL),(6782,1696,'drink','2014-06-10 13:14:47','2014-06-10 13:14:47',NULL,NULL,NULL,NULL),(6783,1696,'cow','2014-06-10 13:14:47','2014-06-10 13:14:47',NULL,NULL,NULL,NULL),(6784,1696,'bottle','2014-06-10 13:14:47','2014-06-10 13:14:47',NULL,NULL,NULL,NULL),(6785,1697,'road','2014-06-10 13:14:48','2014-06-10 13:14:48',NULL,NULL,NULL,NULL),(6786,1697,'car','2014-06-10 13:14:48','2014-06-10 13:14:48',NULL,NULL,NULL,NULL),(6787,1697,'vehicle','2014-06-10 13:14:48','2014-06-10 13:14:48',NULL,NULL,NULL,NULL),(6788,1697,'engine','2014-06-10 13:14:48','2014-06-10 13:14:48',NULL,NULL,NULL,NULL),(6789,1698,'gate','2014-06-10 13:14:48','2014-06-10 13:14:48',NULL,NULL,NULL,NULL),(6790,1698,'princess','2014-06-10 13:14:48','2014-06-10 13:14:48',NULL,NULL,NULL,NULL),(6791,1698,'moat','2014-06-10 13:14:48','2014-06-10 13:14:48',NULL,NULL,NULL,NULL),(6792,1698,'knight','2014-06-10 13:14:48','2014-06-10 13:14:48',NULL,NULL,NULL,NULL),(6793,1699,'celler','2014-06-10 13:14:48','2014-06-10 13:14:48',NULL,NULL,NULL,NULL),(6794,1699,'restaurant','2014-06-10 13:14:48','2014-06-10 13:14:48',NULL,NULL,NULL,NULL),(6795,1699,'pan','2014-06-10 13:14:48','2014-06-10 13:14:48',NULL,NULL,NULL,NULL),(6796,1699,'chef','2014-06-10 13:14:48','2014-06-10 13:14:48',NULL,NULL,NULL,NULL),(6797,1700,'bread','2014-06-10 13:14:48','2014-06-10 13:14:48',NULL,NULL,NULL,NULL),(6798,1700,'dog','2014-06-10 13:14:48','2014-06-10 13:14:48',NULL,NULL,NULL,NULL),(6799,1700,'cow','2014-06-10 13:14:48','2014-06-10 13:14:48',NULL,NULL,NULL,NULL),(6800,1700,'grain','2014-06-10 13:14:48','2014-06-10 13:14:48',NULL,NULL,NULL,NULL),(6801,1701,'sugar','2014-06-10 13:14:48','2014-06-10 13:14:48',NULL,NULL,NULL,NULL),(6802,1701,'liquid','2014-06-10 13:14:48','2014-06-10 13:14:48',NULL,NULL,NULL,NULL),(6803,1701,'lemonade','2014-06-10 13:14:48','2014-06-10 13:14:48',NULL,NULL,NULL,NULL),(6804,1701,'knife','2014-06-10 13:14:48','2014-06-10 13:14:48',NULL,NULL,NULL,NULL),(6805,1702,'','2014-06-10 13:16:32','2014-06-10 13:16:32','opc_a_2x.png','image/png',2071,'2014-06-10 13:16:32'),(6806,1702,'','2014-06-10 13:16:59','2014-06-10 13:16:59','opc_b_2x.png','image/png',2051,'2014-06-10 13:16:58'),(6807,1702,'','2014-06-10 13:16:59','2014-06-10 13:16:59','opt_c_2x_(1).png','image/png',2040,'2014-06-10 13:16:58'),(6808,1702,'','2014-06-10 13:16:59','2014-06-10 13:16:59','opc_d_2x.png','image/png',2048,'2014-06-10 13:16:59'),(6809,1703,'','2014-06-10 13:17:39','2014-06-10 13:17:39','opc_a_2x.png','image/png',2071,'2014-06-10 13:17:39'),(6810,1703,'','2014-06-10 13:17:39','2014-06-10 13:18:03','opc_b_2x.png','image/png',2051,'2014-06-10 13:18:02'),(6811,1703,'','2014-06-10 13:17:39','2014-06-10 13:18:03','opt_c_2x.png','image/png',2040,'2014-06-10 13:18:02'),(6812,1703,'','2014-06-10 13:17:39','2014-06-10 13:18:03','opc_d_2x.png','image/png',2048,'2014-06-10 13:18:03'),(6813,1704,'','2014-06-10 13:18:36','2014-06-10 13:18:36','opc_a_2x.png','image/png',2071,'2014-06-10 13:18:36'),(6814,1704,'','2014-06-10 13:19:04','2014-06-10 13:19:04','opc_b_2x.png','image/png',2051,'2014-06-10 13:19:03'),(6815,1704,'','2014-06-10 13:19:04','2014-06-10 13:19:04','opt_c_2x.png','image/png',2040,'2014-06-10 13:19:03'),(6816,1704,'','2014-06-10 13:19:04','2014-06-10 13:19:04','opc_d_2x.png','image/png',2048,'2014-06-10 13:19:04'),(6817,1705,'','2014-06-10 13:19:52','2014-06-10 13:19:52','opc_a_2x.png','image/png',2071,'2014-06-10 13:19:52'),(6818,1705,'','2014-06-10 13:20:21','2014-06-10 13:20:21','opc_b_2x.png','image/png',2051,'2014-06-10 13:20:19'),(6819,1705,'','2014-06-10 13:20:21','2014-06-10 13:20:21','opt_c_2x.png','image/png',2040,'2014-06-10 13:20:20'),(6820,1705,'','2014-06-10 13:20:21','2014-06-10 13:20:21','opc_d_2x.png','image/png',2048,'2014-06-10 13:20:20'),(6821,1706,'','2014-06-10 13:20:59','2014-06-10 13:20:59','opc_a_2x.png','image/png',2071,'2014-06-10 13:20:59'),(6822,1706,'','2014-06-10 13:21:25','2014-06-10 13:21:25','opc_b_2x.png','image/png',2051,'2014-06-10 13:21:23'),(6823,1706,'','2014-06-10 13:21:25','2014-06-10 13:21:25','opt_c_2x.png','image/png',2040,'2014-06-10 13:21:24'),(6824,1706,'','2014-06-10 13:21:25','2014-06-10 13:21:25','opc_d_2x.png','image/png',2048,'2014-06-10 13:21:24'),(6825,1707,'','2014-06-10 13:22:12','2014-06-10 13:22:12','opc_a_2x.png','image/png',2071,'2014-06-10 13:22:11'),(6826,1707,'','2014-06-10 13:22:44','2014-06-10 13:22:44','opc_b_2x.png','image/png',2051,'2014-06-10 13:22:43'),(6827,1707,'','2014-06-10 13:22:44','2014-06-10 13:22:44','opt_c_2x_(1).png','image/png',2040,'2014-06-10 13:22:43'),(6828,1707,'','2014-06-10 13:22:44','2014-06-10 13:22:44','opc_d_2x.png','image/png',2048,'2014-06-10 13:22:43');
/*!40000 ALTER TABLE `quiz_question_options` ENABLE KEYS */;
UNLOCK TABLES;

--
-- Table structure for table `quiz_questions`
--

DROP TABLE IF EXISTS `quiz_questions`;
/*!40101 SET @saved_cs_client     = @@character_set_client */;
/*!40101 SET character_set_client = utf8 */;
CREATE TABLE `quiz_questions` (
  `id` int(11) NOT NULL AUTO_INCREMENT,
  `quiz_category_id` int(11) DEFAULT NULL,
  `question` varchar(255) COLLATE utf8_unicode_ci DEFAULT NULL,
  `created_at` datetime DEFAULT NULL,
  `updated_at` datetime DEFAULT NULL,
  `correct_answer` varchar(255) COLLATE utf8_unicode_ci DEFAULT NULL,
  `description` varchar(255) COLLATE utf8_unicode_ci DEFAULT NULL,
  `is_demo` tinyint(1) DEFAULT '0',
  `question_image_file_name` varchar(255) COLLATE utf8_unicode_ci DEFAULT NULL,
  `question_image_content_type` varchar(255) COLLATE utf8_unicode_ci DEFAULT NULL,
  `question_image_file_size` int(11) DEFAULT NULL,
  `question_image_updated_at` datetime DEFAULT NULL,
  `answer_image_file_name` varchar(255) COLLATE utf8_unicode_ci DEFAULT NULL,
  `answer_image_content_type` varchar(255) COLLATE utf8_unicode_ci DEFAULT NULL,
  `answer_image_file_size` int(11) DEFAULT NULL,
  `answer_image_updated_at` datetime DEFAULT NULL,
  `attempted` int(11) DEFAULT '0',
  `correct_answer_count` int(11) DEFAULT '0',
  PRIMARY KEY (`id`)
) ENGINE=InnoDB AUTO_INCREMENT=1708 DEFAULT CHARSET=utf8 COLLATE=utf8_unicode_ci;
/*!40101 SET character_set_client = @saved_cs_client */;

--
-- Dumping data for table `quiz_questions`
--

LOCK TABLES `quiz_questions` WRITE;
/*!40000 ALTER TABLE `quiz_questions` DISABLE KEYS */;
INSERT INTO `quiz_questions` VALUES (1648,140,'0 2 4 6','2014-06-10 13:14:44','2014-06-10 13:14:44','a','Add 2',0,NULL,NULL,NULL,NULL,NULL,NULL,NULL,NULL,0,0),(1649,140,'1 3 5 7','2014-06-10 13:14:44','2014-06-10 13:14:44','c','Add 2',0,NULL,NULL,NULL,NULL,NULL,NULL,NULL,NULL,0,0),(1650,140,'0 3 6 9','2014-06-10 13:14:44','2014-06-10 13:14:44','b','Add 3',0,NULL,NULL,NULL,NULL,NULL,NULL,NULL,NULL,0,0),(1651,140,'1 4 7 10','2014-06-10 13:14:44','2014-06-10 13:14:44','d','Add 3',1,NULL,NULL,NULL,NULL,NULL,NULL,NULL,NULL,0,0),(1652,140,'1 2 4 8','2014-06-10 13:14:44','2014-06-10 13:14:44','a','Multiply by two',0,NULL,NULL,NULL,NULL,NULL,NULL,NULL,NULL,0,0),(1653,140,'2 4 8 16','2014-06-10 13:14:44','2014-06-10 13:14:44','c','Multiply by two',0,NULL,NULL,NULL,NULL,NULL,NULL,NULL,NULL,0,0),(1654,140,'3 6 12','2014-06-10 13:14:44','2014-06-10 13:14:44','a','Multiply by two',0,NULL,NULL,NULL,NULL,NULL,NULL,NULL,NULL,0,0),(1655,140,'4 8 16','2014-06-10 13:14:44','2014-06-10 13:14:44','c','Multiply by two',0,NULL,NULL,NULL,NULL,NULL,NULL,NULL,NULL,0,0),(1656,140,'3 9 81','2014-06-10 13:14:44','2014-06-10 13:14:44','b','Multiply by three',0,NULL,NULL,NULL,NULL,NULL,NULL,NULL,NULL,0,0),(1657,141,'There are 5 buckets with 20 apples in each bucket, and 25% of all the apples are red. How many apples are red?','2014-06-10 13:14:45','2014-06-10 13:14:45','b',NULL,0,NULL,NULL,NULL,NULL,NULL,NULL,NULL,NULL,0,0),(1658,141,'There are10 buckets with 20 apples in each bucket, and 20% of all the apples are red. How many apples are red?','2014-06-10 13:14:45','2014-06-10 13:14:45','b',NULL,0,NULL,NULL,NULL,NULL,NULL,NULL,NULL,NULL,0,0),(1659,141,'There are 8 buckets with 20 apples in each bucket, and 50% of all the apples are red. How many apples are red?','2014-06-10 13:14:45','2014-06-10 13:14:45','c',NULL,0,NULL,NULL,NULL,NULL,NULL,NULL,NULL,NULL,0,0),(1660,141,'There are 12 buckets with 20 apples in each bucket, and a quarter of all the apples are red. How many apples are red?','2014-06-10 13:14:45','2014-06-10 13:14:45','c',NULL,0,NULL,NULL,NULL,NULL,NULL,NULL,NULL,NULL,0,0),(1661,141,'There are 4 of the bottles with milk, one of which has gone bad. Which percentage of the bottles has gone bad?','2014-06-10 13:14:45','2014-06-10 13:14:45','b',NULL,0,NULL,NULL,NULL,NULL,NULL,NULL,NULL,NULL,0,0),(1662,141,'There are 6 of the bottles with milk, two of which have gone bad. Which percentage of the bottles has gone bad?','2014-06-10 13:14:45','2014-06-10 13:14:45','a',NULL,0,NULL,NULL,NULL,NULL,NULL,NULL,NULL,NULL,0,0),(1663,141,'There are 10 of the bottles with milk, four of which have gone bad. Which percentage of the bottles has gone bad?','2014-06-10 13:14:45','2014-06-10 13:14:45','c',NULL,0,NULL,NULL,NULL,NULL,NULL,NULL,NULL,NULL,0,0),(1664,141,'There are 12 of the bottles with milk, three of which have gone bad. Which percentage of the bottles has gone bad?','2014-06-10 13:14:45','2014-06-10 13:14:45','d',NULL,0,NULL,NULL,NULL,NULL,NULL,NULL,NULL,NULL,0,0),(1665,141,'There are 4 of the bottles with milk, one of which is good. Which percentage of the bottles has gone bad?','2014-06-10 13:14:45','2014-06-10 13:14:45','b',NULL,1,NULL,NULL,NULL,NULL,NULL,NULL,NULL,NULL,0,0),(1666,142,'setiuqon','2014-06-10 13:14:45','2014-06-10 13:14:45','b','question',0,NULL,NULL,NULL,NULL,NULL,NULL,NULL,NULL,0,0),(1667,142,'ranwes','2014-06-10 13:14:45','2014-06-10 13:14:45','d','answer',0,NULL,NULL,NULL,NULL,NULL,NULL,NULL,NULL,0,0),(1668,142,'pliesm','2014-06-10 13:14:45','2014-06-10 13:14:45','a','simple',0,NULL,NULL,NULL,NULL,NULL,NULL,NULL,NULL,0,0),(1669,142,'lipmocdeat','2014-06-10 13:14:45','2014-06-10 13:14:45','b','complicated',0,NULL,NULL,NULL,NULL,NULL,NULL,NULL,NULL,0,0),(1670,142,'bermemre','2014-06-10 13:14:46','2014-06-10 13:14:46','c','remember',0,NULL,NULL,NULL,NULL,NULL,NULL,NULL,NULL,0,0),(1671,142,'riapsed','2014-06-10 13:14:46','2014-06-10 13:14:46','d','despair',0,NULL,NULL,NULL,NULL,NULL,NULL,NULL,NULL,0,0),(1672,142,'thgniryeev','2014-06-10 13:14:46','2014-06-10 13:14:46','b','everything',0,NULL,NULL,NULL,NULL,NULL,NULL,NULL,NULL,0,0),(1673,142,'docwyla','2014-06-10 13:14:46','2014-06-10 13:14:46','c','cowardly',0,NULL,NULL,NULL,NULL,NULL,NULL,NULL,NULL,0,0),(1674,142,'aekw','2014-06-10 13:14:46','2014-06-10 13:14:46','b','weak',0,NULL,NULL,NULL,NULL,NULL,NULL,NULL,NULL,0,0),(1675,143,'... has left the building','2014-06-10 13:14:46','2014-06-10 13:14:46','b','Elvis has left the building',0,NULL,NULL,NULL,NULL,NULL,NULL,NULL,NULL,0,0),(1676,143,'You are what you …','2014-06-10 13:14:46','2014-06-10 13:14:46','a','You are what you eat',0,NULL,NULL,NULL,NULL,NULL,NULL,NULL,NULL,0,0),(1677,143,'Actions speak louder than …','2014-06-10 13:14:46','2014-06-10 13:14:46','c','Actions speak louder than words',0,NULL,NULL,NULL,NULL,NULL,NULL,NULL,NULL,0,0),(1678,143,'Every cloud has a … lining','2014-06-10 13:14:46','2014-06-10 13:14:46','b','Every cloud has a silver lining',0,NULL,NULL,NULL,NULL,NULL,NULL,NULL,NULL,0,0),(1679,143,'Let the ... out of the bag','2014-06-10 13:14:46','2014-06-10 13:14:46','b','Let the cat out of the bag',0,NULL,NULL,NULL,NULL,NULL,NULL,NULL,NULL,0,0),(1680,143,'The ... they are the harder they fall','2014-06-10 13:14:46','2014-06-10 13:14:46','a','The bigger they are the harder they fall',1,NULL,NULL,NULL,NULL,NULL,NULL,NULL,NULL,0,0),(1681,143,'Don\'t count your chickens before they …','2014-06-10 13:14:46','2014-06-10 13:14:46','b','Don\'t count your chickens before they hatch',0,NULL,NULL,NULL,NULL,NULL,NULL,NULL,NULL,0,0),(1682,143,'A ... can\'t change his spots','2014-06-10 13:14:46','2014-06-10 13:14:46','c','A leopard can\'t change his spots',0,NULL,NULL,NULL,NULL,NULL,NULL,NULL,NULL,0,0),(1683,143,'A ... saved is a penny earned','2014-06-10 13:14:46','2014-06-10 13:14:46','a','A penny saved is a penny earned',0,NULL,NULL,NULL,NULL,NULL,NULL,NULL,NULL,0,0),(1684,144,'setiuqon','2014-06-10 13:14:47','2014-06-10 13:14:47','b','question',0,NULL,NULL,NULL,NULL,NULL,NULL,NULL,NULL,0,0),(1685,144,'ranwes','2014-06-10 13:14:47','2014-06-10 13:14:47','d','answer',1,NULL,NULL,NULL,NULL,NULL,NULL,NULL,NULL,0,0),(1686,144,'pliesm','2014-06-10 13:14:47','2014-06-10 13:14:47','a','simple',0,NULL,NULL,NULL,NULL,NULL,NULL,NULL,NULL,0,0),(1687,144,'lipmocdeat','2014-06-10 13:14:47','2014-06-10 13:14:47','b','complicated',0,NULL,NULL,NULL,NULL,NULL,NULL,NULL,NULL,0,0),(1688,144,'bermemre','2014-06-10 13:14:47','2014-06-10 13:14:47','c','remember',0,NULL,NULL,NULL,NULL,NULL,NULL,NULL,NULL,0,0),(1689,144,'riapsed','2014-06-10 13:14:47','2014-06-10 13:14:47','d','despair',0,NULL,NULL,NULL,NULL,NULL,NULL,NULL,NULL,0,0),(1690,144,'thgniryeev','2014-06-10 13:14:47','2014-06-10 13:14:47','b','everything',0,NULL,NULL,NULL,NULL,NULL,NULL,NULL,NULL,0,0),(1691,144,'docwyla','2014-06-10 13:14:47','2014-06-10 13:14:47','c','cowardly',0,NULL,NULL,NULL,NULL,NULL,NULL,NULL,NULL,0,0),(1692,144,'aekw','2014-06-10 13:14:47','2014-06-10 13:14:47','b','weak',0,NULL,NULL,NULL,NULL,NULL,NULL,NULL,NULL,0,0),(1693,145,'Rose is like flower as apple is like…','2014-06-10 13:14:47','2014-06-10 13:14:47','a','A rose is a type of flower, just like an apple is a type of fruit',0,NULL,NULL,NULL,NULL,NULL,NULL,NULL,NULL,0,0),(1694,145,'Pear is like fruit as chair is like…','2014-06-10 13:14:47','2014-06-10 13:14:47','b','A pear is a type of fruit, just like a chair is a type of furniture',0,NULL,NULL,NULL,NULL,NULL,NULL,NULL,NULL,0,0),(1695,145,'Pear is like apple as banana is like…','2014-06-10 13:14:47','2014-06-10 13:14:47','c','All are types of fruit',0,NULL,NULL,NULL,NULL,NULL,NULL,NULL,NULL,0,0),(1696,145,'Chord is to guitar as milk is to…','2014-06-10 13:14:47','2014-06-10 13:14:47','c','A chord is a product of the guitar just like milk is a product of a cow',0,NULL,NULL,NULL,NULL,NULL,NULL,NULL,NULL,0,0),(1697,145,'Work is to office as driving is to…','2014-06-10 13:14:48','2014-06-10 13:14:48','a','Both are places for an activity',0,NULL,NULL,NULL,NULL,NULL,NULL,NULL,NULL,0,0),(1698,145,'Book is to cover as castle is to…','2014-06-10 13:14:48','2014-06-10 13:14:48','c','A moat surrounds the castle much like a cover surrounds a book',0,NULL,NULL,NULL,NULL,NULL,NULL,NULL,NULL,0,0),(1699,145,'flower is to garden as kitchen is to','2014-06-10 13:14:48','2014-06-10 13:14:48','b','Like a flower can be found in a garden, so can a kitchen be found in a restaurant',1,NULL,NULL,NULL,NULL,NULL,NULL,NULL,NULL,0,0),(1700,145,'Milk is to cheese as flour is to…','2014-06-10 13:14:48','2014-06-10 13:14:48','a','Milk is an ingredient of cheese just as flour is an ingredient of bread',0,NULL,NULL,NULL,NULL,NULL,NULL,NULL,NULL,0,0),(1701,145,'Flour is to bread as water is to…','2014-06-10 13:14:48','2014-06-10 13:14:48','c','Both are the main ingredients',0,NULL,NULL,NULL,NULL,NULL,NULL,NULL,NULL,0,0),(1702,146,'','2014-06-10 13:16:32','2014-06-10 13:16:32','','',0,'sym_q1_2x.png','image/png',2019,'2014-06-10 13:16:30','opc_d_2x.png','image/png',2048,'2014-06-10 13:16:31',0,0),(1703,146,'','2014-06-10 13:17:39','2014-06-10 13:17:39','','',0,'sym_q1_2x.png','image/png',2019,'2014-06-10 13:17:38','opc_d_2x.png','image/png',2048,'2014-06-10 13:17:38',0,0),(1704,147,'','2014-06-10 13:18:36','2014-06-10 13:18:36','','',0,'sym_q1_2x.png','image/png',2019,'2014-06-10 13:18:35','opc_d_2x.png','image/png',2048,'2014-06-10 13:18:35',0,0),(1705,147,'','2014-06-10 13:19:52','2014-06-10 13:19:52','','',0,'sym_q1_2x.png','image/png',2019,'2014-06-10 13:19:51','opc_d_2x.png','image/png',2048,'2014-06-10 13:19:51',0,0),(1706,148,'','2014-06-10 13:20:59','2014-06-10 13:20:59','','',0,'sym_q1_2x.png','image/png',2019,'2014-06-10 13:20:58','opc_d_2x.png','image/png',2048,'2014-06-10 13:20:58',0,0),(1707,148,'','2014-06-10 13:22:12','2014-06-10 13:22:12','','',0,'sym_q1_2x.png','image/png',2019,'2014-06-10 13:22:10','opc_d_2x.png','image/png',2048,'2014-06-10 13:22:11',0,0);
/*!40000 ALTER TABLE `quiz_questions` ENABLE KEYS */;
UNLOCK TABLES;

--
-- Table structure for table `schema_migrations`
--

DROP TABLE IF EXISTS `schema_migrations`;
/*!40101 SET @saved_cs_client     = @@character_set_client */;
/*!40101 SET character_set_client = utf8 */;
CREATE TABLE `schema_migrations` (
  `version` varchar(255) COLLATE utf8_unicode_ci NOT NULL,
  UNIQUE KEY `unique_schema_migrations` (`version`)
) ENGINE=InnoDB DEFAULT CHARSET=utf8 COLLATE=utf8_unicode_ci;
/*!40101 SET character_set_client = @saved_cs_client */;

--
-- Dumping data for table `schema_migrations`
--

LOCK TABLES `schema_migrations` WRITE;
/*!40000 ALTER TABLE `schema_migrations` DISABLE KEYS */;
INSERT INTO `schema_migrations` VALUES ('20130607074548'),('20130608072252'),('20130608072526'),('20130614070025'),('20130807112831'),('20140307165050'),('20140307165408'),('20140307170606'),('20140307171711'),('20140311155121'),('20140313170148'),('20140313170212'),('20140316160746'),('20140323102822'),('20140420101122'),('20140421164135'),('20140427142041'),('20140512021511'),('20140523121641'),('20140526103751'),('20140526105509');
/*!40000 ALTER TABLE `schema_migrations` ENABLE KEYS */;
UNLOCK TABLES;

--
-- Table structure for table `users`
--

DROP TABLE IF EXISTS `users`;
/*!40101 SET @saved_cs_client     = @@character_set_client */;
/*!40101 SET character_set_client = utf8 */;
CREATE TABLE `users` (
  `id` int(11) NOT NULL AUTO_INCREMENT,
  `firstname` varchar(255) COLLATE utf8_unicode_ci DEFAULT NULL,
  `lastname` varchar(255) COLLATE utf8_unicode_ci DEFAULT NULL,
  `city` varchar(255) COLLATE utf8_unicode_ci DEFAULT NULL,
  `state` varchar(255) COLLATE utf8_unicode_ci DEFAULT NULL,
  `country` varchar(255) COLLATE utf8_unicode_ci DEFAULT NULL,
  `phonenumber` varchar(255) COLLATE utf8_unicode_ci DEFAULT NULL,
  `created_at` datetime DEFAULT NULL,
  `updated_at` datetime DEFAULT NULL,
  `email` varchar(255) COLLATE utf8_unicode_ci NOT NULL DEFAULT '',
  `encrypted_password` varchar(255) COLLATE utf8_unicode_ci NOT NULL DEFAULT '',
  `reset_password_token` varchar(255) COLLATE utf8_unicode_ci DEFAULT NULL,
  `reset_password_sent_at` datetime DEFAULT NULL,
  `remember_created_at` datetime DEFAULT NULL,
  `sign_in_count` int(11) DEFAULT '0',
  `current_sign_in_at` datetime DEFAULT NULL,
  `last_sign_in_at` datetime DEFAULT NULL,
  `current_sign_in_ip` varchar(255) COLLATE utf8_unicode_ci DEFAULT NULL,
  `last_sign_in_ip` varchar(255) COLLATE utf8_unicode_ci DEFAULT NULL,
  `device_id` varchar(255) COLLATE utf8_unicode_ci DEFAULT NULL,
  `device_type` varchar(255) COLLATE utf8_unicode_ci DEFAULT NULL,
  PRIMARY KEY (`id`),
  UNIQUE KEY `index_users_on_email` (`email`),
  UNIQUE KEY `index_users_on_reset_password_token` (`reset_password_token`)
) ENGINE=InnoDB AUTO_INCREMENT=9 DEFAULT CHARSET=utf8 COLLATE=utf8_unicode_ci;
/*!40101 SET character_set_client = @saved_cs_client */;

--
-- Dumping data for table `users`
--

LOCK TABLES `users` WRITE;
/*!40000 ALTER TABLE `users` DISABLE KEYS */;
INSERT INTO `users` VALUES (1,'monika','khatri','gandhinagar','gujarat','india','1234567890','2014-05-23 07:29:42','2014-05-24 07:24:55','monika.apsolute@gmail.com','$2a$10$IDjBnfzC/r7I3Z6nwGv6UO5JYHc1n.3i6Gp99ocdJfnmhgHJCbTxm','LCaXGywGmpq7yfs3ihny','2014-05-23 07:31:49',NULL,0,NULL,NULL,NULL,NULL,NULL,'android'),(2,'test','test','ejfi','difs','utuyo','1234567890','2014-05-23 08:47:45','2014-05-27 11:27:29','test1@yopmail.com','$2a$10$Y8WnYmvDfQrWsikB2jM7qOupH5HoeIurYo2X7swiLcAuj8kk0CcQu',NULL,NULL,NULL,0,NULL,NULL,NULL,NULL,'c315f844fa078afdf3efa2a190af535705209d483745a4761c9e5f8a59c26821','iPhone'),(3,'test','test','ahdjjkl','fyfdi','gkdyk','1234567890','2014-05-23 08:59:12','2014-05-27 11:24:40','rahul.virja@gmail.com','$2a$10$Uk5KgwEOa8GdGuGOlKyKjeyxtZ9lA4Co33RRQBWbC9xx5vlra9wO2',NULL,NULL,NULL,0,NULL,NULL,NULL,NULL,NULL,'iPhone'),(4,'dipak','keshariya','ahmedabad','Gujarat','India','9865678897','2014-05-23 09:38:31','2014-05-23 09:39:44','dipakkeshariya@yopmail.com','$2a$10$1jiGEoEf0vzZ93bJy1Q58ukqC02DQJr6G5Q0PUkt7qxGSrlqYRZLG',NULL,NULL,NULL,0,NULL,NULL,NULL,NULL,NULL,'iPhone'),(5,'dipak','keshariya','ahmedabad','Gujarat','India','9865678897','2014-05-23 09:38:55','2014-05-23 09:38:55','dipakkeshariya@gmail.com.com','$2a$10$zjzq2AmrMudujV8BLepghOyHJcLm5b7iLSVryjMA47yTOjvNPasim',NULL,NULL,NULL,0,NULL,NULL,NULL,NULL,NULL,NULL),(6,'dipak','keshariya','ahmedabad','Gujarat','India','9865678897','2014-05-23 09:39:15','2014-05-23 09:39:15','testing5@gmail.com.com','$2a$10$mVD/f/fwbUUvvTDMTXrpZuAfNzGQE7heHoEqFAkByOSAhUMJ7RuEC',NULL,NULL,NULL,0,NULL,NULL,NULL,NULL,NULL,NULL),(7,'testing','test','ahmedabad','Gujarat','India','7426787546','2014-05-24 06:37:50','2014-05-27 10:32:29','testing2@yopmail.com','$2a$10$kIh7gYKEOgiO5kQSUlhNzOFEIzA8h39sENo4VDAG0HRZSqFGaB49K',NULL,NULL,NULL,0,NULL,NULL,NULL,NULL,'APA91bF1tkKkZLFWDVZGZN4aaHhebbo9LdlSBwFRFs8q-xQ09b0Z8BgpkIf_JQCjhTcyy-xOhqVVexksNX9dJUmC376QGQIGfHF78x8Ajolp3sAabvste15wm9PbiEaqvkbwwTryP90g','Android'),(8,'test','test','had','gun','ind','6374849478','2014-05-24 10:03:47','2014-05-27 06:40:52','test2@yopmail.com','$2a$10$W5OO/8Y7mDn9gxwxriLJ/umz3e2IEpAZOY8fOdQRj59TZh/x86Vte',NULL,NULL,NULL,0,NULL,NULL,NULL,NULL,NULL,'Android');
/*!40000 ALTER TABLE `users` ENABLE KEYS */;
UNLOCK TABLES;
/*!40103 SET TIME_ZONE=@OLD_TIME_ZONE */;

/*!40101 SET SQL_MODE=@OLD_SQL_MODE */;
/*!40014 SET FOREIGN_KEY_CHECKS=@OLD_FOREIGN_KEY_CHECKS */;
/*!40014 SET UNIQUE_CHECKS=@OLD_UNIQUE_CHECKS */;
/*!40101 SET CHARACTER_SET_CLIENT=@OLD_CHARACTER_SET_CLIENT */;
/*!40101 SET CHARACTER_SET_RESULTS=@OLD_CHARACTER_SET_RESULTS */;
/*!40101 SET COLLATION_CONNECTION=@OLD_COLLATION_CONNECTION */;
/*!40111 SET SQL_NOTES=@OLD_SQL_NOTES */;

-- Dump completed on 2014-06-10 18:53:54
